dataset,n,unique_n,trial,seed,order,growth_rate,auto_cell_size,variant,paper_label,k_growth,intersection,runtime_ms,exact_intersection_calls,success,final_k,attempts,attempted_ks,sum_attempted_k,hull_len,hull_area,convex_hull_area,area_ratio,points_outside,restarts,wasted_edges,same_as_linear_same_intersection,same_intersection_pair
unit_disk,1000,1000,0,0,linear_naive;linear_bucketed;geometric_naive;geometric_bucketed,2.0,0.06248004631697721,linear_naive,Original,linear,naive,30.769333010539412,15026,True,4,2,3;4,7,151,2.8127206052359095,3.0466670784092487,0.9232123277166571,0,1,34,True,True
unit_disk,1000,1000,0,0,linear_naive;linear_bucketed;geometric_naive;geometric_bucketed,2.0,0.06248004631697721,linear_bucketed,Bucketing,linear,bucketed,17.501624999567866,342,True,4,2,3;4,7,151,2.8127206052359095,3.0466670784092487,0.9232123277166571,0,1,34,True,True
unit_disk,1000,1000,0,0,linear_naive;linear_bucketed;geometric_naive;geometric_bucketed,2.0,0.06248004631697721,geometric_naive,Geometric,geometric,naive,22.199500002898276,7627,True,6,2,3;6,9,107,2.872716595889522,3.0466670784092487,0.942904663344263,0,1,34,False,True
unit_disk,1000,1000,0,0,linear_naive;linear_bucketed;geometric_naive;geometric_bucketed,2.0,0.06248004631697721,geometric_bucketed,Combined,geometric,bucketed,15.654959017410874,234,True,6,2,3;6,9,107,2.872716595889522,3.0466670784092487,0.942904663344263,0,1,34,False,True
unit_disk,1000,1000,1,1,linear_bucketed;geometric_naive;geometric_bucketed;linear_naive,2.0,0.0629034820641746,linear_naive,Original,linear,naive,58.25070897117257,25668,True,5,3,3;4;5,12,125,2.7809438941363678,3.0475988170575437,0.9125032725998262,0,2,209,True,True
unit_disk,1000,1000,1,1,linear_bucketed;geometric_naive;geometric_bucketed;linear_naive,2.0,0.0629034820641746,linear_bucketed,Bucketing,linear,bucketed,33.67654199246317,570,True,5,3,3;4;5,12,125,2.7809438941363678,3.0475988170575437,0.9125032725998262,0,2,209,True,True
unit_disk,1000,1000,1,1,linear_bucketed;geometric_naive;geometric_bucketed;linear_naive,2.0,0.0629034820641746,geometric_naive,Geometric,geometric,naive,24.833709001541138,8893,True,6,2,3;6,9,108,2.838151023655365,3.0475988170575437,0.9312744865794376,0,1,53,False,True
unit_disk,1000,1000,1,1,linear_bucketed;geometric_naive;geometric_bucketed;linear_naive,2.0,0.0629034820641746,geometric_bucketed,Combined,geometric,bucketed,16.91641693469137,281,True,6,2,3;6,9,108,2.838151023655365,3.0475988170575437,0.9312744865794376,0,1,53,False,True
unit_disk,1000,1000,2,2,geometric_naive;geometric_bucketed;linear_naive;linear_bucketed,2.0,0.06292582065199488,linear_naive,Original,linear,naive,33.104583038948476,13699,True,5,3,3;4;5,12,118,2.837220894404429,3.039933764051472,0.9333166820789947,0,2,123,True,True
unit_disk,1000,1000,2,2,geometric_naive;geometric_bucketed;linear_naive;linear_bucketed,2.0,0.06292582065199488,linear_bucketed,Bucketing,linear,bucketed,20.381667069159448,399,True,5,3,3;4;5,12,118,2.837220894404429,3.039933764051472,0.9333166820789947,0,2,123,True,True
unit_disk,1000,1000,2,2,geometric_naive;geometric_bucketed;linear_naive;linear_bucketed,2.0,0.06292582065199488,geometric_naive,Geometric,geometric,naive,25.338041014038026,9424,True,6,2,3;6,9,104,2.854292263427082,3.039933764051472,0.9389323863500972,0,1,64,False,True
unit_disk,1000,1000,2,2,geometric_naive;geometric_bucketed;linear_naive;linear_bucketed,2.0,0.06292582065199488,geometric_bucketed,Combined,geometric,bucketed,17.147083999589086,275,True,6,2,3;6,9,104,2.854292263427082,3.039933764051472,0.9389323863500972,0,1,64,False,True
unit_disk,1000,1000,3,3,geometric_bucketed;linear_naive;linear_bucketed;geometric_naive,2.0,0.06242139677122713,linear_naive,Original,linear,naive,58.94220806658268,28907,True,7,5,3;4;5;6;7,25,98,2.885232113405431,3.0344512699827684,0.9508249949328781,0,4,337,True,True
unit_disk,1000,1000,3,3,geometric_bucketed;linear_naive;linear_bucketed;geometric_naive,2.0,0.06242139677122713,linear_bucketed,Bucketing,linear,bucketed,30.03591694869101,757,True,7,5,3;4;5;6;7,25,98,2.885232113405431,3.0344512699827684,0.9508249949328781,0,4,337,True,True
unit_disk,1000,1000,3,3,geometric_bucketed;linear_naive;linear_bucketed;geometric_naive,2.0,0.06242139677122713,geometric_naive,Geometric,geometric,naive,24.934541899710894,8475,True,12,3,3;6;12,21,72,2.94980195577601,3.0344512699827684,0.9721039137968298,0,2,123,False,True
unit_disk,1000,1000,3,3,geometric_bucketed;linear_naive;linear_bucketed;geometric_naive,2.0,0.06242139677122713,geometric_bucketed,Combined,geometric,bucketed,19.762958050705492,311,True,12,3,3;6;12,21,72,2.94980195577601,3.0344512699827684,0.9721039137968298,0,2,123,False,True
unit_disk,1000,1000,4,4,geometric_bucketed;geometric_naive;linear_bucketed;linear_naive,2.0,0.06293151315996119,linear_naive,Original,linear,naive,57.28591699153185,5931,True,7,5,3;4;5;6;7,25,93,2.913853832473054,3.0419733374139346,0.9578827653204224,0,4,71,True,True
unit_disk,1000,1000,4,4,geometric_bucketed;geometric_naive;linear_bucketed;linear_naive,2.0,0.06293151315996119,linear_bucketed,Bucketing,linear,bucketed,53.735417081043124,282,True,7,5,3;4;5;6;7,25,93,2.913853832473054,3.0419733374139346,0.9578827653204224,0,4,71,True,True
unit_disk,1000,1000,4,4,geometric_bucketed;geometric_naive;linear_bucketed;linear_naive,2.0,0.06293151315996119,geometric_naive,Geometric,geometric,naive,34.10616598557681,3501,True,12,3,3;6;12,21,68,2.9701400230765826,3.0419733374139346,0.9763859487347054,0,2,40,False,True
unit_disk,1000,1000,4,4,geometric_bucketed;geometric_naive;linear_bucketed;linear_naive,2.0,0.06293151315996119,geometric_bucketed,Combined,geometric,bucketed,32.799000036902726,192,True,12,3,3;6;12,21,68,2.9701400230765826,3.0419733374139346,0.9763859487347054,0,2,40,False,True
unit_disk,1000,1000,5,5,geometric_naive;linear_bucketed;linear_naive;geometric_bucketed,2.0,0.06195952100475929,linear_naive,Original,linear,naive,56.70474993530661,28069,True,6,4,3;4;5;6,18,119,2.7932824849635938,3.035000847126436,0.920356410314777,0,3,296,True,True
unit_disk,1000,1000,5,5,geometric_naive;linear_bucketed;linear_naive;geometric_bucketed,2.0,0.06195952100475929,linear_bucketed,Bucketing,linear,bucketed,29.662250075489283,750,True,6,4,3;4;5;6,18,119,2.7932824849635938,3.035000847126436,0.920356410314777,0,3,296,True,True
unit_disk,1000,1000,5,5,geometric_naive;linear_bucketed;linear_naive;geometric_bucketed,2.0,0.06195952100475929,geometric_naive,Geometric,geometric,naive,34.1118749929592,15701,True,6,2,3;6,9,119,2.7932824849635938,3.035000847126436,0.920356410314777,0,1,102,True,True
unit_disk,1000,1000,5,5,geometric_naive;linear_bucketed;linear_naive;geometric_bucketed,2.0,0.06195952100475929,geometric_bucketed,Combined,geometric,bucketed,24.154250044375658,386,True,6,2,3;6,9,119,2.7932824849635938,3.035000847126436,0.920356410314777,0,1,102,True,True
unit_disk,1000,1000,6,6,linear_bucketed;linear_naive;geometric_bucketed;geometric_naive,2.0,0.06261010496738947,linear_naive,Original,linear,naive,91.60283394157887,19560,True,7,5,3;4;5;6;7,25,91,2.899771644757515,3.0196045646767646,0.9603150288878711,0,4,227,True,True
unit_disk,1000,1000,6,6,linear_bucketed;linear_naive;geometric_bucketed;geometric_naive,2.0,0.06261010496738947,linear_bucketed,Bucketing,linear,bucketed,68.63004097249359,509,True,7,5,3;4;5;6;7,25,91,2.899771644757515,3.0196045646767646,0.9603150288878711,0,4,227,True,True
unit_disk,1000,1000,6,6,linear_bucketed;linear_naive;geometric_bucketed;geometric_naive,2.0,0.06261010496738947,geometric_naive,Geometric,geometric,naive,56.211582967080176,9132,True,12,3,3;6;12,21,70,2.945691401486968,3.0196045646767646,0.9755222375623517,0,2,106,False,True
unit_disk,1000,1000,6,6,linear_bucketed;linear_naive;geometric_bucketed;geometric_naive,2.0,0.06261010496738947,geometric_bucketed,Combined,geometric,bucketed,55.92812492977828,266,True,12,3,3;6;12,21,70,2.945691401486968,3.0196045646767646,0.9755222375623517,0,2,106,False,True
unit_disk,1000,1000,7,7,linear_naive;geometric_bucketed;geometric_naive;linear_bucketed,2.0,0.06227809197097687,linear_naive,Original,linear,naive,29.518458992242813,9820,True,6,4,3;4;5;6,18,99,2.8868683313241883,3.0195989014646534,0.956043642062499,0,3,140,True,True
unit_disk,1000,1000,7,7,linear_naive;geometric_bucketed;geometric_naive;linear_bucketed,2.0,0.06227809197097687,linear_bucketed,Bucketing,linear,bucketed,20.256291958503425,397,True,6,4,3;4;5;6,18,99,2.8868683313241883,3.0195989014646534,0.956043642062499,0,3,140,True,True
unit_disk,1000,1000,7,7,linear_naive;geometric_bucketed;geometric_naive;linear_bucketed,2.0,0.06227809197097687,geometric_naive,Geometric,geometric,naive,23.885083035565913,7884,True,6,2,3;6,9,99,2.8868683313241883,3.0195989014646534,0.956043642062499,0,1,61,True,True
unit_disk,1000,1000,7,7,linear_naive;geometric_bucketed;geometric_naive;linear_bucketed,2.0,0.06227809197097687,geometric_bucketed,Combined,geometric,bucketed,16.853292006999254,259,True,6,2,3;6,9,99,2.8868683313241883,3.0195989014646534,0.956043642062499,0,1,61,True,True
unit_disk,1000,1000,8,8,linear_naive;linear_bucketed;geometric_naive;geometric_bucketed,2.0,0.06274971359176892,linear_naive,Original,linear,naive,53.581375046633184,26515,True,5,3,3;4;5,12,114,2.8390027717677078,3.0445872186266243,0.932475428655431,0,2,248,True,True
unit_disk,1000,1000,8,8,linear_naive;linear_bucketed;geometric_naive;geometric_bucketed,2.0,0.06274971359176892,linear_bucketed,Bucketing,linear,bucketed,27.05104206688702,658,True,5,3,3;4;5,12,114,2.8390027717677078,3.0445872186266243,0.932475428655431,0,2,248,True,True
unit_disk,1000,1000,8,8,linear_naive;linear_bucketed;geometric_naive;geometric_bucketed,2.0,0.06274971359176892,geometric_naive,Geometric,geometric,naive,40.98854202311486,18221,True,6,2,3;6,9,97,2.8665488417908382,3.0445872186266243,0.9415229835602814,0,1,148,False,True
unit_disk,1000,1000,8,8,linear_naive;linear_bucketed;geometric_naive;geometric_bucketed,2.0,0.06274971359176892,geometric_bucketed,Combined,geometric,bucketed,24.3448339169845,436,True,6,2,3;6,9,97,2.8665488417908382,3.0445872186266243,0.9415229835602814,0,1,148,False,True
unit_disk,1000,1000,9,9,linear_bucketed;geometric_naive;geometric_bucketed;linear_naive,2.0,0.0629459346166265,linear_naive,Original,linear,naive,65.66654099151492,19898,True,6,4,3;4;5;6,18,102,2.8486432217893327,3.021565269565788,0.94277070579339,0,3,247,True,True
unit_disk,1000,1000,9,9,linear_bucketed;geometric_naive;geometric_bucketed;linear_naive,2.0,0.0629459346166265,linear_bucketed,Bucketing,linear,bucketed,30.093332985416055,650,True,6,4,3;4;5;6,18,102,2.8486432217893327,3.021565269565788,0.94277070579339,0,3,247,True,True
unit_disk,1000,1000,9,9,linear_bucketed;geometric_naive;geometric_bucketed;linear_naive,2.0,0.0629459346166265,geometric_naive,Geometric,geometric,naive,32.47700002975762,12195,True,6,2,3;6,9,102,2.8486432217893327,3.021565269565788,0.94277070579339,0,1,97,True,True
unit_disk,1000,1000,9,9,linear_bucketed;geometric_naive;geometric_bucketed;linear_naive,2.0,0.0629459346166265,geometric_bucketed,Combined,geometric,bucketed,28.337375028058887,381,True,6,2,3;6,9,102,2.8486432217893327,3.021565269565788,0.94277070579339,0,1,97,True,True
unit_disk,5000,5000,0,0,linear_naive;linear_bucketed;geometric_naive;geometric_bucketed,2.0,0.02826151498954425,linear_naive,Original,linear,naive,151.02637489326298,41783,True,8,6,3;4;5;6;7;8,33,194,3.0424915330824867,3.1052158915800194,0.9798003228478852,0,5,237,True,True
unit_disk,5000,5000,0,0,linear_naive;linear_bucketed;geometric_naive;geometric_bucketed,2.0,0.02826151498954425,linear_bucketed,Bucketing,linear,bucketed,118.4574170038104,806,True,8,6,3;4;5;6;7;8,33,194,3.0424915330824867,3.1052158915800194,0.9798003228478852,0,5,237,True,True
unit_disk,5000,5000,0,0,linear_naive;linear_bucketed;geometric_naive;geometric_bucketed,2.0,0.02826151498954425,geometric_naive,Geometric,geometric,naive,113.6477499967441,30097,True,12,3,3;6;12,21,149,3.060790214735124,3.1052158915800194,0.985693208332033,0,2,182,False,True
unit_disk,5000,5000,0,0,linear_naive;linear_bucketed;geometric_naive;geometric_bucketed,2.0,0.02826151498954425,geometric_bucketed,Combined,geometric,bucketed,76.77779195364565,567,True,12,3,3;6;12,21,149,3.060790214735124,3.1052158915800194,0.985693208332033,0,2,182,False,True
unit_disk,5000,5000,1,1,linear_bucketed;geometric_naive;geometric_bucketed;linear_naive,2.0,0.028254167316379954,linear_naive,Original,linear,naive,214.52891698572785,79573,True,7,5,3;4;5;6;7,25,196,3.0354914010709444,3.1041952682042457,0.9778674145157608,0,4,504,True,True
unit_disk,5000,5000,1,1,linear_bucketed;geometric_naive;geometric_bucketed;linear_naive,2.0,0.028254167316379954,linear_bucketed,Bucketing,linear,bucketed,122.87433305755258,1205,True,7,5,3;4;5;6;7,25,196,3.0354914010709444,3.1041952682042457,0.9778674145157608,0,4,504,True,True
unit_disk,5000,5000,1,1,linear_bucketed;geometric_naive;geometric_bucketed;linear_naive,2.0,0.028254167316379954,geometric_naive,Geometric,geometric,naive,161.90379194449633,57030,True,12,3,3;6;12,21,147,3.060406134420524,3.1041952682042457,0.9858935633875077,0,2,310,False,True
unit_disk,5000,5000,1,1,linear_bucketed;geometric_naive;geometric_bucketed;linear_naive,2.0,0.028254167316379954,geometric_bucketed,Combined,geometric,bucketed,102.43420896586031,815,True,12,3,3;6;12,21,147,3.060406134420524,3.1041952682042457,0.9858935633875077,0,2,310,False,True
unit_disk,5000,5000,2,2,geometric_naive;geometric_bucketed;linear_naive;linear_bucketed,2.0,0.028178296399930722,linear_naive,Original,linear,naive,298.41645807027817,120906,True,9,7,3;4;5;6;7;8;9,42,188,3.05334536677857,3.107899336887672,0.9824466740406934,0,6,822,True,True
unit_disk,5000,5000,2,2,geometric_naive;geometric_bucketed;linear_naive;linear_bucketed,2.0,0.028178296399930722,linear_bucketed,Bucketing,linear,bucketed,471.12641599960625,1776,True,9,7,3;4;5;6;7;8;9,42,188,3.05334536677857,3.107899336887672,0.9824466740406934,0,6,822,True,True
unit_disk,5000,5000,2,2,geometric_naive;geometric_bucketed;linear_naive;linear_bucketed,2.0,0.028178296399930722,geometric_naive,Geometric,geometric,naive,205.29412501491606,44130,True,12,3,3;6;12,21,157,3.061905277477639,3.107899336887672,0.9852009172677733,0,2,234,False,True
unit_disk,5000,5000,2,2,geometric_naive;geometric_bucketed;linear_naive;linear_bucketed,2.0,0.028178296399930722,geometric_bucketed,Combined,geometric,bucketed,123.5787090845406,692,True,12,3,3;6;12,21,157,3.061905277477639,3.107899336887672,0.9852009172677733,0,2,234,False,True
unit_disk,5000,5000,3,3,geometric_bucketed;linear_naive;linear_bucketed;geometric_naive,2.0,0.028166611800352695,linear_naive,Original,linear,naive,250.21491607185453,109710,True,8,6,3;4;5;6;7;8,33,220,3.0285462668445953,3.1055934157489933,0.9751908448434754,0,5,686,True,True
unit_disk,5000,5000,3,3,geometric_bucketed;linear_naive;linear_bucketed;geometric_naive,2.0,0.028166611800352695,linear_bucketed,Bucketing,linear,bucketed,127.00529198627919,1626,True,8,6,3;4;5;6;7;8,33,220,3.0285462668445953,3.1055934157489933,0.9751908448434754,0,5,686,True,True
unit_disk,5000,5000,3,3,geometric_bucketed;linear_naive;linear_bucketed;geometric_naive,2.0,0.028166611800352695,geometric_naive,Geometric,geometric,naive,138.8523749774322,40508,True,12,3,3;6;12,21,164,3.055116601579248,3.1055934157489933,0.9837464833890461,0,2,221,False,True
unit_disk,5000,5000,3,3,geometric_bucketed;linear_naive;linear_bucketed;geometric_naive,2.0,0.028166611800352695,geometric_bucketed,Combined,geometric,bucketed,82.81749999150634,715,True,12,3,3;6;12,21,164,3.055116601579248,3.1055934157489933,0.9837464833890461,0,2,221,False,True
unit_disk,5000,5000,4,4,geometric_bucketed;geometric_naive;linear_bucketed;linear_naive,2.0,0.028181309869635806,linear_naive,Original,linear,naive,287.430459051393,111881,True,7,5,3;4;5;6;7,25,237,3.021171780357497,3.1076222747167743,0.9721811447090505,0,4,539,True,True
unit_disk,5000,5000,4,4,geometric_bucketed;geometric_naive;linear_bucketed;linear_naive,2.0,0.028181309869635806,linear_bucketed,Bucketing,linear,bucketed,203.69841600768268,1353,True,7,5,3;4;5;6;7,25,237,3.021171780357497,3.1076222747167743,0.9721811447090505,0,4,539,True,True
unit_disk,5000,5000,4,4,geometric_bucketed;geometric_naive;linear_bucketed;linear_naive,2.0,0.028181309869635806,geometric_naive,Geometric,geometric,naive,96.20345802977681,18293,True,12,3,3;6;12,21,153,3.0615393066866257,3.1076222747167743,0.9851709879913418,0,2,100,False,True
unit_disk,5000,5000,4,4,geometric_bucketed;geometric_naive;linear_bucketed;linear_naive,2.0,0.028181309869635806,geometric_bucketed,Combined,geometric,bucketed,78.94158305134624,411,True,12,3,3;6;12,21,153,3.0615393066866257,3.1076222747167743,0.9851709879913418,0,2,100,False,True
unit_disk,5000,5000,5,5,geometric_naive;linear_bucketed;linear_naive;geometric_bucketed,2.0,0.02821028074932611,linear_naive,Original,linear,naive,131.3878750661388,20549,True,10,8,3;4;5;6;7;8;9;10,52,164,3.0436290412419256,3.099090836870466,0.982103849629478,0,7,123,True,True
unit_disk,5000,5000,5,5,geometric_naive;linear_bucketed;linear_naive;geometric_bucketed,2.0,0.02821028074932611,linear_bucketed,Bucketing,linear,bucketed,173.37329196743667,527,True,10,8,3;4;5;6;7;8;9;10,52,164,3.0436290412419256,3.099090836870466,0.982103849629478,0,7,123,True,True
unit_disk,5000,5000,5,5,geometric_naive;linear_bucketed;linear_naive;geometric_bucketed,2.0,0.02821028074932611,geometric_naive,Geometric,geometric,naive,85.13729204423726,16927,True,12,3,3;6;12,21,151,3.05130091721373,3.099090836870466,0.9845793743480603,0,2,32,False,True
unit_disk,5000,5000,5,5,geometric_naive;linear_bucketed;linear_naive;geometric_bucketed,2.0,0.02821028074932611,geometric_bucketed,Combined,geometric,bucketed,65.6667499570176,316,True,12,3,3;6;12,21,151,3.05130091721373,3.099090836870466,0.9845793743480603,0,2,32,False,True
unit_disk,5000,5000,6,6,linear_bucketed;linear_naive;geometric_bucketed;geometric_naive,2.0,0.028210885332566372,linear_naive,Original,linear,naive,371.57924997154623,134771,True,8,6,3;4;5;6;7;8,33,204,3.031663345836782,3.107661766090139,0.9755448224505546,0,5,768,True,True
unit_disk,5000,5000,6,6,linear_bucketed;linear_naive;geometric_bucketed;geometric_naive,2.0,0.028210885332566372,linear_bucketed,Bucketing,linear,bucketed,227.1657499950379,1706,True,8,6,3;4;5;6;7;8,33,204,3.031663345836782,3.107661766090139,0.9755448224505546,0,5,768,True,True
unit_disk,5000,5000,6,6,linear_bucketed;linear_naive;geometric_bucketed;geometric_naive,2.0,0.028210885332566372,geometric_naive,Geometric,geometric,naive,206.40520798042417,59666,True,12,3,3;6;12,21,150,3.06616496797119,3.107661766090139,0.9866469386817608,0,2,277,False,True
unit_disk,5000,5000,6,6,linear_bucketed;linear_naive;geometric_bucketed;geometric_naive,2.0,0.028210885332566372,geometric_bucketed,Combined,geometric,bucketed,127.47533293440938,714,True,12,3,3;6;12,21,150,3.06616496797119,3.107661766090139,0.9866469386817608,0,2,277,False,True
unit_disk,5000,5000,7,7,linear_naive;geometric_bucketed;geometric_naive;linear_bucketed,2.0,0.02817838624615245,linear_naive,Original,linear,naive,273.9597500767559,126849,True,8,6,3;4;5;6;7;8,33,198,3.0324431809323134,3.1070295199223055,0.9759943256052948,0,5,840,True,True
unit_disk,5000,5000,7,7,linear_naive;geometric_bucketed;geometric_naive;linear_bucketed,2.0,0.02817838624615245,linear_bucketed,Bucketing,linear,bucketed,138.62220791634172,1642,True,8,6,3;4;5;6;7;8,33,198,3.0324431809323134,3.1070295199223055,0.9759943256052948,0,5,840,True,True
unit_disk,5000,5000,7,7,linear_naive;geometric_bucketed;geometric_naive;linear_bucketed,2.0,0.02817838624615245,geometric_naive,Geometric,geometric,naive,130.13325002975762,46621,True,12,3,3;6;12,21,150,3.0574041237888534,3.1070295199223055,0.9840280255416778,0,2,254,False,True
unit_disk,5000,5000,7,7,linear_naive;geometric_bucketed;geometric_naive;linear_bucketed,2.0,0.02817838624615245,geometric_bucketed,Combined,geometric,bucketed,80.4670830257237,703,True,12,3,3;6;12,21,150,3.0574041237888534,3.1070295199223055,0.9840280255416778,0,2,254,False,True
unit_disk,5000,5000,8,8,linear_naive;linear_bucketed;geometric_naive;geometric_bucketed,2.0,0.028204039065254254,linear_naive,Original,linear,naive,111.65354202967137,30450,True,8,6,3;4;5;6;7;8,33,189,3.039868686745648,3.1035464967522373,0.9794822439189405,0,5,228,True,True
unit_disk,5000,5000,8,8,linear_naive;linear_bucketed;geometric_naive;geometric_bucketed,2.0,0.028204039065254254,linear_bucketed,Bucketing,linear,bucketed,95.09145806077868,698,True,8,6,3;4;5;6;7;8,33,189,3.039868686745648,3.1035464967522373,0.9794822439189405,0,5,228,True,True
unit_disk,5000,5000,8,8,linear_naive;linear_bucketed;geometric_naive;geometric_bucketed,2.0,0.028204039065254254,geometric_naive,Geometric,geometric,naive,90.93787497840822,14611,True,12,3,3;6;12,21,141,3.061748063358089,3.1035464967522373,0.9865320421531016,0,2,89,False,True
unit_disk,5000,5000,8,8,linear_naive;linear_bucketed;geometric_naive;geometric_bucketed,2.0,0.028204039065254254,geometric_bucketed,Combined,geometric,bucketed,65.94737502746284,346,True,12,3,3;6;12,21,141,3.061748063358089,3.1035464967522373,0.9865320421531016,0,2,89,False,True
unit_disk,5000,5000,9,9,linear_bucketed;geometric_naive;geometric_bucketed;linear_naive,2.0,0.028235304036521587,linear_naive,Original,linear,naive,292.0522920321673,105548,True,7,5,3;4;5;6;7,25,209,3.02393591050889,3.0977709747081748,0.9761650990979924,0,4,518,True,True
unit_disk,5000,5000,9,9,linear_bucketed;geometric_naive;geometric_bucketed;linear_naive,2.0,0.028235304036521587,linear_bucketed,Bucketing,linear,bucketed,157.785875024274,1239,True,7,5,3;4;5;6;7,25,209,3.02393591050889,3.0977709747081748,0.9761650990979924,0,4,518,True,True
unit_disk,5000,5000,9,9,linear_bucketed;geometric_naive;geometric_bucketed;linear_naive,2.0,0.028235304036521587,geometric_naive,Geometric,geometric,naive,204.45999992080033,47566,True,12,3,3;6;12,21,146,3.055054208083515,3.0977709747081748,0.986210482642706,0,2,228,False,True
unit_disk,5000,5000,9,9,linear_bucketed;geometric_naive;geometric_bucketed;linear_naive,2.0,0.028235304036521587,geometric_bucketed,Combined,geometric,bucketed,163.14733307808638,617,True,12,3,3;6;12,21,146,3.055054208083515,3.0977709747081748,0.986210482642706,0,2,228,False,True
unit_disk,10000,10000,0,0,linear_naive;linear_bucketed;geometric_naive;geometric_bucketed,2.0,0.019983908895712,linear_naive,Original,linear,naive,246.14858406130224,64066,True,6,4,3;4;5;6,18,330,3.061868413117886,3.118062610727658,0.9819778482265121,0,3,48,True,True
unit_disk,10000,10000,0,0,linear_naive;linear_bucketed;geometric_naive;geometric_bucketed,2.0,0.019983908895712,linear_bucketed,Bucketing,linear,bucketed,193.01445898599923,610,True,6,4,3;4;5;6,18,330,3.061868413117886,3.118062610727658,0.9819778482265121,0,3,48,True,True
unit_disk,10000,10000,0,0,linear_naive;linear_bucketed;geometric_naive;geometric_bucketed,2.0,0.019983908895712,geometric_naive,Geometric,geometric,naive,321.77799998316914,63648,True,6,2,3;6,9,330,3.061868413117886,3.118062610727658,0.9819778482265121,0,1,13,True,True
unit_disk,10000,10000,0,0,linear_naive;linear_bucketed;geometric_naive;geometric_bucketed,2.0,0.019983908895712,geometric_bucketed,Combined,geometric,bucketed,159.89062504377216,536,True,6,2,3;6,9,330,3.061868413117886,3.118062610727658,0.9819778482265121,0,1,13,True,True
unit_disk,10000,10000,1,1,linear_bucketed;geometric_naive;geometric_bucketed;linear_naive,2.0,0.01997871330619158,linear_naive,Original,linear,naive,285.43145803269,75111,True,9,7,3;4;5;6;7;8;9,42,245,3.071547204529624,3.1159950656269877,0.9857355803968771,0,6,510,True,True
unit_disk,10000,10000,1,1,linear_bucketed;geometric_naive;geometric_bucketed;linear_naive,2.0,0.01997871330619158,linear_bucketed,Bucketing,linear,bucketed,225.474875071086,1329,True,9,7,3;4;5;6;7;8;9,42,245,3.071547204529624,3.1159950656269877,0.9857355803968771,0,6,510,True,True
unit_disk,10000,10000,1,1,linear_bucketed;geometric_naive;geometric_bucketed;linear_naive,2.0,0.01997871330619158,geometric_naive,Geometric,geometric,naive,193.45966598484665,36817,True,12,3,3;6;12,21,206,3.082606107018635,3.1159950656269877,0.9892846561354762,0,2,162,False,True
unit_disk,10000,10000,1,1,linear_bucketed;geometric_naive;geometric_bucketed;linear_naive,2.0,0.01997871330619158,geometric_bucketed,Combined,geometric,bucketed,155.6784580461681,602,True,12,3,3;6;12,21,206,3.082606107018635,3.1159950656269877,0.9892846561354762,0,2,162,False,True
unit_disk,10000,10000,2,2,geometric_naive;geometric_bucketed;linear_naive;linear_bucketed,2.0,0.019978062384556194,linear_naive,Original,linear,naive,583.035791059956,69492,True,8,6,3;4;5;6;7;8,33,277,3.0718430476567855,3.1180686402349282,0.9851749278442248,0,5,238,True,True
unit_disk,10000,10000,2,2,geometric_naive;geometric_bucketed;linear_naive;linear_bucketed,2.0,0.019978062384556194,linear_bucketed,Bucketing,linear,bucketed,507.78720900416374,826,True,8,6,3;4;5;6;7;8,33,277,3.0718430476567855,3.1180686402349282,0.9851749278442248,0,5,238,True,True
unit_disk,10000,10000,2,2,geometric_naive;geometric_bucketed;linear_naive;linear_bucketed,2.0,0.019978062384556194,geometric_naive,Geometric,geometric,naive,348.4262080164626,36779,True,12,3,3;6;12,21,227,3.0827120968330313,3.1180686402349282,0.9886607552682891,0,2,51,False,True
unit_disk,10000,10000,2,2,geometric_naive;geometric_bucketed;linear_naive;linear_bucketed,2.0,0.019978062384556194,geometric_bucketed,Combined,geometric,bucketed,308.7525420123711,480,True,12,3,3;6;12,21,227,3.0827120968330313,3.1180686402349282,0.9886607552682891,0,2,51,False,True
unit_disk,10000,10000,3,3,geometric_bucketed;linear_naive;linear_bucketed;geometric_naive,2.0,0.01992564804097664,linear_naive,Original,linear,naive,629.5182909816504,232297,True,9,7,3;4;5;6;7;8;9,42,281,3.063969038980513,3.119028000475093,0.9823473974949269,0,6,1130,True,True
unit_disk,10000,10000,3,3,geometric_bucketed;linear_naive;linear_bucketed;geometric_naive,2.0,0.01992564804097664,linear_bucketed,Bucketing,linear,bucketed,370.45416701585054,2527,True,9,7,3;4;5;6;7;8;9,42,281,3.063969038980513,3.119028000475093,0.9823473974949269,0,6,1130,True,True
unit_disk,10000,10000,3,3,geometric_bucketed;linear_naive;linear_bucketed;geometric_naive,2.0,0.01992564804097664,geometric_naive,Geometric,geometric,naive,279.24166701268405,82390,True,12,3,3;6;12,21,226,3.0786712798780047,3.119028000475093,0.9870611226988212,0,2,307,False,True
unit_disk,10000,10000,3,3,geometric_bucketed;linear_naive;linear_bucketed;geometric_naive,2.0,0.01992564804097664,geometric_bucketed,Combined,geometric,bucketed,162.86395897623152,975,True,12,3,3;6;12,21,226,3.0786712798780047,3.119028000475093,0.9870611226988212,0,2,307,False,True
unit_disk,10000,10000,4,4,geometric_bucketed;geometric_naive;linear_bucketed;linear_naive,2.0,0.019960175378435974,linear_naive,Original,linear,naive,611.3138749497011,267797,True,10,8,3;4;5;6;7;8;9;10,52,253,3.0732820756642347,3.116851276098896,0.9860214053943591,0,7,1267,True,True
unit_disk,10000,10000,4,4,geometric_bucketed;geometric_naive;linear_bucketed;linear_naive,2.0,0.019960175378435974,linear_bucketed,Bucketing,linear,bucketed,334.7276661079377,2831,True,10,8,3;4;5;6;7;8;9;10,52,253,3.0732820756642347,3.116851276098896,0.9860214053943591,0,7,1267,True,True
unit_disk,10000,10000,4,4,geometric_bucketed;geometric_naive;linear_bucketed;linear_naive,2.0,0.019960175378435974,geometric_naive,Geometric,geometric,naive,233.9571659686044,64588,True,12,3,3;6;12,21,220,3.0830512221197104,3.116851276098896,0.989155705234197,0,2,262,False,True
unit_disk,10000,10000,4,4,geometric_bucketed;geometric_naive;linear_bucketed;linear_naive,2.0,0.019960175378435974,geometric_bucketed,Combined,geometric,bucketed,155.65937501378357,857,True,12,3,3;6;12,21,220,3.0830512221197104,3.116851276098896,0.989155705234197,0,2,262,False,True
unit_disk,10000,10000,5,5,geometric_naive;linear_bucketed;linear_naive;geometric_bucketed,2.0,0.01997309440430117,linear_naive,Original,linear,naive,233.7756670312956,74389,True,7,5,3;4;5;6;7,25,319,3.059298397060617,3.1176654055836783,0.9812786168719301,0,4,40,True,True
unit_disk,10000,10000,5,5,geometric_naive;linear_bucketed;linear_naive;geometric_bucketed,2.0,0.01997309440430117,linear_bucketed,Bucketing,linear,bucketed,156.87391604296863,740,True,7,5,3;4;5;6;7,25,319,3.059298397060617,3.1176654055836783,0.9812786168719301,0,4,40,True,True
unit_disk,10000,10000,5,5,geometric_naive;linear_bucketed;linear_naive;geometric_bucketed,2.0,0.01997309440430117,geometric_naive,Geometric,geometric,naive,159.14954198524356,28104,True,12,3,3;6;12,21,208,3.086467685004389,3.1176654055836783,0.9899932428529967,0,2,19,False,True
unit_disk,10000,10000,5,5,geometric_naive;linear_bucketed;linear_naive;geometric_bucketed,2.0,0.01997309440430117,geometric_bucketed,Combined,geometric,bucketed,129.34175005648285,378,True,12,3,3;6;12,21,208,3.086467685004389,3.1176654055836783,0.9899932428529967,0,2,19,False,True
unit_disk,10000,10000,6,6,linear_bucketed;linear_naive;geometric_bucketed;geometric_naive,2.0,0.01994810832193379,linear_naive,Original,linear,naive,477.8753330465406,152259,True,9,7,3;4;5;6;7;8;9,42,261,3.075282711455888,3.1196499430778872,0.985778137793811,0,6,686,True,True
unit_disk,10000,10000,6,6,linear_bucketed;linear_naive;geometric_bucketed;geometric_naive,2.0,0.01994810832193379,linear_bucketed,Bucketing,linear,bucketed,315.0465420912951,1670,True,9,7,3;4;5;6;7;8;9,42,261,3.075282711455888,3.1196499430778872,0.985778137793811,0,6,686,True,True
unit_disk,10000,10000,6,6,linear_bucketed;linear_naive;geometric_bucketed;geometric_naive,2.0,0.01994810832193379,geometric_naive,Geometric,geometric,naive,268.9654160058126,42217,True,12,3,3;6;12,21,225,3.0836757141917235,3.1196499430778872,0.9884685046263008,0,2,112,False,True
unit_disk,10000,10000,6,6,linear_bucketed;linear_naive;geometric_bucketed;geometric_naive,2.0,0.01994810832193379,geometric_bucketed,Combined,geometric,bucketed,225.55370803456753,593,True,12,3,3;6;12,21,225,3.0836757141917235,3.1196499430778872,0.9884685046263008,0,2,112,False,True
unit_disk,10000,10000,7,7,linear_naive;geometric_bucketed;geometric_naive;linear_bucketed,2.0,0.019983048816660055,linear_naive,Original,linear,naive,297.880332916975,106729,True,6,4,3;4;5;6,18,354,3.0494255315208676,3.122065830502897,0.9767332583854169,0,3,328,True,True
unit_disk,10000,10000,7,7,linear_naive;geometric_bucketed;geometric_naive;linear_bucketed,2.0,0.019983048816660055,linear_bucketed,Bucketing,linear,bucketed,183.75016702339053,1201,True,6,4,3;4;5;6,18,354,3.0494255315208676,3.122065830502897,0.9767332583854169,0,3,328,True,True
unit_disk,10000,10000,7,7,linear_naive;geometric_bucketed;geometric_naive;linear_bucketed,2.0,0.019983048816660055,geometric_naive,Geometric,geometric,naive,238.7024579802528,84860,True,6,2,3;6,9,354,3.0494255315208676,3.122065830502897,0.9767332583854169,0,1,68,True,True
unit_disk,10000,10000,7,7,linear_naive;geometric_bucketed;geometric_naive;linear_bucketed,2.0,0.019983048816660055,geometric_bucketed,Combined,geometric,bucketed,143.04112503305078,764,True,6,2,3;6,9,354,3.0494255315208676,3.122065830502897,0.9767332583854169,0,1,68,True,True
unit_disk,10000,10000,8,8,linear_naive;linear_bucketed;geometric_naive;geometric_bucketed,2.0,0.019984398525587217,linear_naive,Original,linear,naive,288.15975005272776,80584,True,8,6,3;4;5;6;7;8,33,261,3.0667965245613864,3.1180479401589065,0.9835629802424051,0,5,517,True,True
unit_disk,10000,10000,8,8,linear_naive;linear_bucketed;geometric_naive;geometric_bucketed,2.0,0.019984398525587217,linear_bucketed,Bucketing,linear,bucketed,203.3295000437647,1188,True,8,6,3;4;5;6;7;8,33,261,3.0667965245613864,3.1180479401589065,0.9835629802424051,0,5,517,True,True
unit_disk,10000,10000,8,8,linear_naive;linear_bucketed;geometric_naive;geometric_bucketed,2.0,0.019984398525587217,geometric_naive,Geometric,geometric,naive,289.3971670418978,50709,True,12,3,3;6;12,21,223,3.0759968399470274,3.1180479401589065,0.986513645390027,0,2,201,False,True
unit_disk,10000,10000,8,8,linear_naive;linear_bucketed;geometric_naive;geometric_bucketed,2.0,0.019984398525587217,geometric_bucketed,Combined,geometric,bucketed,153.05108297616243,717,True,12,3,3;6;12,21,223,3.0759968399470274,3.1180479401589065,0.986513645390027,0,2,201,False,True
unit_disk,10000,10000,9,9,linear_bucketed;geometric_naive;geometric_bucketed;linear_naive,2.0,0.019974464834533683,linear_naive,Original,linear,naive,295.17670802306384,99773,True,7,5,3;4;5;6;7,25,290,3.0627590007174614,3.1141607306293344,0.9834941949507259,0,4,378,True,True
unit_disk,10000,10000,9,9,linear_bucketed;geometric_naive;geometric_bucketed;linear_naive,2.0,0.019974464834533683,linear_bucketed,Bucketing,linear,bucketed,189.11058397497982,1112,True,7,5,3;4;5;6;7,25,290,3.0627590007174614,3.1141607306293344,0.9834941949507259,0,4,378,True,True
unit_disk,10000,10000,9,9,linear_bucketed;geometric_naive;geometric_bucketed;linear_naive,2.0,0.019974464834533683,geometric_naive,Geometric,geometric,naive,244.75495796650648,75414,True,12,3,3;6;12,21,210,3.078890858312445,3.1141607306293344,0.9886743571165122,0,2,315,False,True
unit_disk,10000,10000,9,9,linear_bucketed;geometric_naive;geometric_bucketed;linear_naive,2.0,0.019974464834533683,geometric_bucketed,Combined,geometric,bucketed,163.40279206633568,876,True,12,3,3;6;12,21,210,3.078890858312445,3.1141607306293344,0.9886743571165122,0,2,315,False,True
unit_disk,50000,50000,0,0,linear_naive;linear_bucketed;geometric_naive;geometric_bucketed,2.0,0.00894061960183394,linear_naive,Original,linear,naive,1575.6087920162827,438644,True,7,5,3;4;5;6;7,25,682,3.10622190986569,3.1333825524074457,0.9913318459883274,0,4,621,True,True
unit_disk,50000,50000,0,0,linear_naive;linear_bucketed;geometric_naive;geometric_bucketed,2.0,0.00894061960183394,linear_bucketed,Bucketing,linear,bucketed,1109.4652499305084,2045,True,7,5,3;4;5;6;7,25,682,3.10622190986569,3.1333825524074457,0.9913318459883274,0,4,621,True,True
unit_disk,50000,50000,0,0,linear_naive;linear_bucketed;geometric_naive;geometric_bucketed,2.0,0.00894061960183394,geometric_naive,Geometric,geometric,naive,1284.590290975757,308076,True,12,3,3;6;12,21,488,3.113981664676122,3.1333825524074457,0.9938083245799599,0,2,556,False,True
unit_disk,50000,50000,0,0,linear_naive;linear_bucketed;geometric_naive;geometric_bucketed,2.0,0.00894061960183394,geometric_bucketed,Combined,geometric,bucketed,937.8133749123663,1657,True,12,3,3;6;12,21,488,3.113981664676122,3.1333825524074457,0.9938083245799599,0,2,556,False,True
unit_disk,50000,50000,1,1,linear_bucketed;geometric_naive;geometric_bucketed;linear_naive,2.0,0.00893825605721345,linear_naive,Original,linear,naive,1514.8154159542173,390963,True,7,5,3;4;5;6;7,25,712,3.1038250533146705,3.132931480049286,0.9907095233585647,0,4,503,True,True
unit_disk,50000,50000,1,1,linear_bucketed;geometric_naive;geometric_bucketed;linear_naive,2.0,0.00893825605721345,linear_bucketed,Bucketing,linear,bucketed,1103.9885410573334,2174,True,7,5,3;4;5;6;7,25,712,3.1038250533146705,3.132931480049286,0.9907095233585647,0,4,503,True,True
unit_disk,50000,50000,1,1,linear_bucketed;geometric_naive;geometric_bucketed;linear_naive,2.0,0.00893825605721345,geometric_naive,Geometric,geometric,naive,996.2172079831362,185101,True,12,3,3;6;12,21,497,3.1133889051161665,3.132931480049286,0.9937622079967061,0,2,156,False,True
unit_disk,50000,50000,1,1,linear_bucketed;geometric_naive;geometric_bucketed;linear_naive,2.0,0.00893825605721345,geometric_bucketed,Combined,geometric,bucketed,776.3194580329582,1112,True,12,3,3;6;12,21,497,3.1133889051161665,3.132931480049286,0.9937622079967061,0,2,156,False,True
unit_disk,50000,50000,2,2,geometric_naive;geometric_bucketed;linear_naive;linear_bucketed,2.0,0.00894016547099502,linear_naive,Original,linear,naive,1918.6981250531971,340848,True,8,6,3;4;5;6;7;8,33,624,3.1087810785173264,3.1329143075176766,0.9922968754866864,0,5,637,True,True
unit_disk,50000,50000,2,2,geometric_naive;geometric_bucketed;linear_naive;linear_bucketed,2.0,0.00894016547099502,linear_bucketed,Bucketing,linear,bucketed,1543.3851670240983,2078,True,8,6,3;4;5;6;7;8,33,624,3.1087810785173264,3.1329143075176766,0.9922968754866864,0,5,637,True,True
unit_disk,50000,50000,2,2,geometric_naive;geometric_bucketed;linear_naive;linear_bucketed,2.0,0.00894016547099502,geometric_naive,Geometric,geometric,naive,984.2672919621691,167545,True,12,3,3;6;12,21,489,3.1148155751751694,3.1329143075176766,0.9942230362640058,0,2,164,False,True
unit_disk,50000,50000,2,2,geometric_naive;geometric_bucketed;linear_naive;linear_bucketed,2.0,0.00894016547099502,geometric_bucketed,Combined,geometric,bucketed,766.8683750089258,1052,True,12,3,3;6;12,21,489,3.1148155751751694,3.1329143075176766,0.9942230362640058,0,2,164,False,True
unit_disk,50000,50000,3,3,geometric_bucketed;linear_naive;linear_bucketed;geometric_naive,2.0,0.00893817598150831,linear_naive,Original,linear,naive,2028.029500041157,585482,True,8,6,3;4;5;6;7;8,33,661,3.1057822618481272,3.1341475179942524,0.9909496103858322,0,5,1175,True,True
unit_disk,50000,50000,3,3,geometric_bucketed;linear_naive;linear_bucketed;geometric_naive,2.0,0.00893817598150831,linear_bucketed,Bucketing,linear,bucketed,1356.1469579581171,3148,True,8,6,3;4;5;6;7;8,33,661,3.1057822618481272,3.1341475179942524,0.9909496103858322,0,5,1175,True,True
unit_disk,50000,50000,3,3,geometric_bucketed;linear_naive;linear_bucketed;geometric_naive,2.0,0.00893817598150831,geometric_naive,Geometric,geometric,naive,1116.2664170842618,217604,True,12,3,3;6;12,21,504,3.1125253782064033,3.1341475179942524,0.9931011097391846,0,2,280,False,True
unit_disk,50000,50000,3,3,geometric_bucketed;linear_naive;linear_bucketed;geometric_naive,2.0,0.00893817598150831,geometric_bucketed,Combined,geometric,bucketed,830.0207920838147,1344,True,12,3,3;6;12,21,504,3.1125253782064033,3.1341475179942524,0.9931011097391846,0,2,280,False,True
unit_disk,50000,50000,4,4,geometric_bucketed;geometric_naive;linear_bucketed;linear_naive,2.0,0.008937649053025165,linear_naive,Original,linear,naive,1696.6979169519618,391993,True,7,5,3;4;5;6;7,25,731,3.1025342376780696,3.13345131512687,0.9901332191441601,0,4,422,True,True
unit_disk,50000,50000,4,4,geometric_bucketed;geometric_naive;linear_bucketed;linear_naive,2.0,0.008937649053025165,linear_bucketed,Bucketing,linear,bucketed,1552.7317500673234,2049,True,7,5,3;4;5;6;7,25,731,3.1025342376780696,3.13345131512687,0.9901332191441601,0,4,422,True,True
unit_disk,50000,50000,4,4,geometric_bucketed;geometric_naive;linear_bucketed;linear_naive,2.0,0.008937649053025165,geometric_naive,Geometric,geometric,naive,1036.1932499799877,177719,True,12,3,3;6;12,21,496,3.1143773393745953,3.13345131512687,0.993912790136488,0,2,163,False,True
unit_disk,50000,50000,4,4,geometric_bucketed;geometric_naive;linear_bucketed;linear_naive,2.0,0.008937649053025165,geometric_bucketed,Combined,geometric,bucketed,986.2417500698939,1120,True,12,3,3;6;12,21,496,3.1143773393745953,3.13345131512687,0.993912790136488,0,2,163,False,True
unit_disk,50000,50000,5,5,geometric_naive;linear_bucketed;linear_naive;geometric_bucketed,2.0,0.008940102207455088,linear_naive,Original,linear,naive,2883.7478749919683,697908,True,10,8,3;4;5;6;7;8;9;10,52,550,3.1133368898566824,3.1336480730800624,0.9935183585553639,0,7,1966,True,True
unit_disk,50000,50000,5,5,geometric_naive;linear_bucketed;linear_naive;geometric_bucketed,2.0,0.008940102207455088,linear_bucketed,Bucketing,linear,bucketed,1933.4227910730988,3946,True,10,8,3;4;5;6;7;8;9;10,52,550,3.1133368898566824,3.1336480730800624,0.9935183585553639,0,7,1966,True,True
unit_disk,50000,50000,5,5,geometric_naive;linear_bucketed;linear_naive;geometric_bucketed,2.0,0.008940102207455088,geometric_naive,Geometric,geometric,naive,1410.8398749958724,282146,True,12,3,3;6;12,21,488,3.116714249645131,3.1336480730800624,0.9945961310778951,0,2,469,False,True
unit_disk,50000,50000,5,5,geometric_naive;linear_bucketed;linear_naive;geometric_bucketed,2.0,0.008940102207455088,geometric_bucketed,Combined,geometric,bucketed,980.5312090320513,1489,True,12,3,3;6;12,21,488,3.116714249645131,3.1336480730800624,0.9945961310778951,0,2,469,False,True
unit_disk,50000,50000,6,6,linear_bucketed;linear_naive;geometric_bucketed;geometric_naive,2.0,0.008938630720208772,linear_naive,Original,linear,naive,5403.667457983829,1587489,True,12,10,3;4;5;6;7;8;9;10;11;12,75,503,3.11560162779025,3.1333358396059037,0.9943401496923853,0,9,3959,True,True
unit_disk,50000,50000,6,6,linear_bucketed;linear_naive;geometric_bucketed;geometric_naive,2.0,0.008938630720208772,linear_bucketed,Bucketing,linear,bucketed,3146.8670000322163,7547,True,12,10,3;4;5;6;7;8;9;10;11;12,75,503,3.11560162779025,3.1333358396059037,0.9943401496923853,0,9,3959,True,True
unit_disk,50000,50000,6,6,linear_bucketed;linear_naive;geometric_bucketed;geometric_naive,2.0,0.008938630720208772,geometric_naive,Geometric,geometric,naive,2450.8467089617625,613830,True,12,3,3;6;12,21,503,3.11560162779025,3.1333358396059037,0.9943401496923853,0,2,974,True,True
unit_disk,50000,50000,6,6,linear_bucketed;linear_naive;geometric_bucketed;geometric_naive,2.0,0.008938630720208772,geometric_bucketed,Combined,geometric,bucketed,1613.050083979033,2509,True,12,3,3;6;12,21,503,3.11560162779025,3.1333358396059037,0.9943401496923853,0,2,974,True,True
unit_disk,50000,50000,7,7,linear_naive;geometric_bucketed;geometric_naive;linear_bucketed,2.0,0.00893799790739126,linear_naive,Original,linear,naive,3016.1946249427274,976433,True,6,4,3;4;5;6,18,797,3.1042051183584443,3.1339923241135015,0.9904954439339659,0,3,1123,True,True
unit_disk,50000,50000,7,7,linear_naive;geometric_bucketed;geometric_naive;linear_bucketed,2.0,0.00893799790739126,linear_bucketed,Bucketing,linear,bucketed,1817.828500061296,3113,True,6,4,3;4;5;6,18,797,3.1042051183584443,3.1339923241135015,0.9904954439339659,0,3,1123,True,True
unit_disk,50000,50000,7,7,linear_naive;geometric_bucketed;geometric_naive;linear_bucketed,2.0,0.00893799790739126,geometric_naive,Geometric,geometric,naive,1338.3689579786733,382412,True,6,2,3;6,9,797,3.1042051183584443,3.1339923241135015,0.9904954439339659,0,1,96,True,True
unit_disk,50000,50000,7,7,linear_naive;geometric_bucketed;geometric_naive;linear_bucketed,2.0,0.00893799790739126,geometric_bucketed,Combined,geometric,bucketed,863.6272079311311,1417,True,6,2,3;6,9,797,3.1042051183584443,3.1339923241135015,0.9904954439339659,0,1,96,True,True
unit_disk,50000,50000,8,8,linear_naive;linear_bucketed;geometric_naive;geometric_bucketed,2.0,0.008939073596606234,linear_naive,Original,linear,naive,1318.9532499527559,250115,True,9,7,3;4;5;6;7;8;9,42,556,3.1134720483451916,3.1345596911223526,0.9932725343094008,0,6,490,True,True
unit_disk,50000,50000,8,8,linear_naive;linear_bucketed;geometric_naive;geometric_bucketed,2.0,0.008939073596606234,linear_bucketed,Bucketing,linear,bucketed,1042.2466669697315,1715,True,9,7,3;4;5;6;7;8;9,42,556,3.1134720483451916,3.1345596911223526,0.9932725343094008,0,6,490,True,True
unit_disk,50000,50000,8,8,linear_naive;linear_bucketed;geometric_naive;geometric_bucketed,2.0,0.008939073596606234,geometric_naive,Geometric,geometric,naive,975.0982499681413,159367,True,12,3,3;6;12,21,465,3.118148861639265,3.1345596911223526,0.9947645503355492,0,2,229,False,True
unit_disk,50000,50000,8,8,linear_naive;linear_bucketed;geometric_naive;geometric_bucketed,2.0,0.008939073596606234,geometric_bucketed,Combined,geometric,bucketed,914.2340420512483,1059,True,12,3,3;6;12,21,465,3.118148861639265,3.1345596911223526,0.9947645503355492,0,2,229,False,True
unit_disk,50000,50000,9,9,linear_bucketed;geometric_naive;geometric_bucketed;linear_naive,2.0,0.008941944889044501,linear_naive,Original,linear,naive,1722.5966668920591,493698,True,6,4,3;4;5;6,18,785,3.100745794853651,3.133584248727947,0.9895204815738954,0,3,603,True,True
unit_disk,50000,50000,9,9,linear_bucketed;geometric_naive;geometric_bucketed;linear_naive,2.0,0.008941944889044501,linear_bucketed,Bucketing,linear,bucketed,1133.4134159842506,2307,True,6,4,3;4;5;6,18,785,3.100745794853651,3.133584248727947,0.9895204815738954,0,3,603,True,True
unit_disk,50000,50000,9,9,linear_bucketed;geometric_naive;geometric_bucketed;linear_naive,2.0,0.008941944889044501,geometric_naive,Geometric,geometric,naive,1329.612165922299,393078,True,6,2,3;6,9,785,3.100745794853651,3.133584248727947,0.9895204815738954,0,1,54,True,True
unit_disk,50000,50000,9,9,linear_bucketed;geometric_naive;geometric_bucketed;linear_naive,2.0,0.008941944889044501,geometric_bucketed,Combined,geometric,bucketed,858.2237919326872,1416,True,6,2,3;6,9,785,3.100745794853651,3.133584248727947,0.9895204815738954,0,1,54,True,True
star_8tips,1000,1000,0,0,linear_naive;linear_bucketed;geometric_naive;geometric_bucketed,2.0,5.973013237520193,linear_naive,Original,linear,naive,108.6530409520492,62798,True,7,5,3;4;5;6;7,25,233,10627.883058769705,25184.428830355497,0.4220021478493735,0,4,401,True,True
star_8tips,1000,1000,0,0,linear_naive;linear_bucketed;geometric_naive;geometric_bucketed,2.0,5.973013237520193,linear_bucketed,Bucketing,linear,bucketed,39.92929100058973,1467,True,7,5,3;4;5;6;7,25,233,10627.883058769705,25184.428830355497,0.4220021478493735,0,4,401,True,True
star_8tips,1000,1000,0,0,linear_naive;linear_bucketed;geometric_naive;geometric_bucketed,2.0,5.973013237520193,geometric_naive,Geometric,geometric,naive,62.61116696987301,32926,True,12,3,3;6;12,21,157,11403.00316080266,25184.428830355497,0.4527798997394097,0,2,216,False,True
star_8tips,1000,1000,0,0,linear_naive;linear_bucketed;geometric_naive;geometric_bucketed,2.0,5.973013237520193,geometric_bucketed,Combined,geometric,bucketed,28.451249934732914,846,True,12,3,3;6;12,21,157,11403.00316080266,25184.428830355497,0.4527798997394097,0,2,216,False,True
star_8tips,1000,1000,1,1,linear_bucketed;geometric_naive;geometric_bucketed;linear_naive,2.0,6.085323066651963,linear_naive,Original,linear,naive,125.29158289544284,64209,True,16,14,3;4;5;6;7;8;9;10;11;12;13;14;15;16,133,126,11776.667428773197,25832.32265118266,0.45588883306372124,0,13,851,True,True
star_8tips,1000,1000,1,1,linear_bucketed;geometric_naive;geometric_bucketed;linear_naive,2.0,6.085323066651963,linear_bucketed,Bucketing,linear,bucketed,63.94495803397149,2049,True,16,14,3;4;5;6;7;8;9;10;11;12;13;14;15;16,133,126,11776.667428773197,25832.32265118266,0.45588883306372124,0,13,851,True,True
star_8tips,1000,1000,1,1,linear_bucketed;geometric_naive;geometric_bucketed;linear_naive,2.0,6.085323066651963,geometric_naive,Geometric,geometric,naive,50.01170898322016,23248,True,24,4,3;6;12;24,45,95,12434.123656816966,25832.32265118266,0.4813397472893404,0,3,218,False,True
star_8tips,1000,1000,1,1,linear_bucketed;geometric_naive;geometric_bucketed;linear_naive,2.0,6.085323066651963,geometric_bucketed,Combined,geometric,bucketed,27.17754105105996,707,True,24,4,3;6;12;24,45,95,12434.123656816966,25832.32265118266,0.4813397472893404,0,3,218,False,True
star_8tips,1000,1000,2,2,geometric_naive;geometric_bucketed;linear_naive;linear_bucketed,2.0,6.076834463289992,linear_naive,Original,linear,naive,167.71629196591675,110570,True,7,5,3;4;5;6;7,25,294,9231.34679128224,24452.308069729355,0.3775245578027929,0,4,457,True,True
star_8tips,1000,1000,2,2,geometric_naive;geometric_bucketed;linear_naive;linear_bucketed,2.0,6.076834463289992,linear_bucketed,Bucketing,linear,bucketed,49.34979206882417,2440,True,7,5,3;4;5;6;7,25,294,9231.34679128224,24452.308069729355,0.3775245578027929,0,4,457,True,True
star_8tips,1000,1000,2,2,geometric_naive;geometric_bucketed;linear_naive;linear_bucketed,2.0,6.076834463289992,geometric_naive,Geometric,geometric,naive,55.21454196423292,29335,True,12,3,3;6;12,21,158,11226.481280056942,24452.308069729355,0.45911744805614985,0,2,134,False,True
star_8tips,1000,1000,2,2,geometric_naive;geometric_bucketed;linear_naive;linear_bucketed,2.0,6.076834463289992,geometric_bucketed,Combined,geometric,bucketed,24.19241692405194,915,True,12,3,3;6;12,21,158,11226.481280056942,24452.308069729355,0.45911744805614985,0,2,134,False,True
star_8tips,1000,1000,3,3,geometric_bucketed;linear_naive;linear_bucketed;geometric_naive,2.0,6.028366850412359,linear_naive,Original,linear,naive,106.17583303246647,58218,True,7,5,3;4;5;6;7,25,247,10480.325259914003,25464.004399188583,0.4115741222636594,0,4,270,True,True
star_8tips,1000,1000,3,3,geometric_bucketed;linear_naive;linear_bucketed;geometric_naive,2.0,6.028366850412359,linear_bucketed,Bucketing,linear,bucketed,45.4002080950886,1682,True,7,5,3;4;5;6;7,25,247,10480.325259914003,25464.004399188583,0.4115741222636594,0,4,270,True,True
star_8tips,1000,1000,3,3,geometric_bucketed;linear_naive;linear_bucketed;geometric_naive,2.0,6.028366850412359,geometric_naive,Geometric,geometric,naive,57.90304206311703,31257,True,12,3,3;6;12,21,166,11286.548272414528,25464.004399188583,0.4432354038068803,0,2,154,False,True
star_8tips,1000,1000,3,3,geometric_bucketed;linear_naive;linear_bucketed;geometric_naive,2.0,6.028366850412359,geometric_bucketed,Combined,geometric,bucketed,27.218415983952582,1113,True,12,3,3;6;12,21,166,11286.548272414528,25464.004399188583,0.4432354038068803,0,2,154,False,True
star_8tips,1000,1000,4,4,geometric_bucketed;geometric_naive;linear_bucketed;linear_naive,2.0,6.098342481534283,linear_naive,Original,linear,naive,82.34379102941602,47355,True,8,6,3;4;5;6;7;8,33,253,10492.89589552416,25298.384111439387,0.4147654589045273,0,5,182,True,True
star_8tips,1000,1000,4,4,geometric_bucketed;geometric_naive;linear_bucketed;linear_naive,2.0,6.098342481534283,linear_bucketed,Bucketing,linear,bucketed,31.651291996240616,1152,True,8,6,3;4;5;6;7;8,33,253,10492.89589552416,25298.384111439387,0.4147654589045273,0,5,182,True,True
star_8tips,1000,1000,4,4,geometric_bucketed;geometric_naive;linear_bucketed;linear_naive,2.0,6.098342481534283,geometric_naive,Geometric,geometric,naive,41.45462496671826,19858,True,12,3,3;6;12,21,160,11698.527273952066,25298.384111439387,0.46242191684733897,0,2,88,False,True
star_8tips,1000,1000,4,4,geometric_bucketed;geometric_naive;linear_bucketed;linear_naive,2.0,6.098342481534283,geometric_bucketed,Combined,geometric,bucketed,21.242916001938283,582,True,12,3,3;6;12,21,160,11698.527273952066,25298.384111439387,0.46242191684733897,0,2,88,False,True
star_8tips,1000,1000,5,5,geometric_naive;linear_bucketed;linear_naive;geometric_bucketed,2.0,6.211063778623667,linear_naive,Original,linear,naive,188.9153328957036,105802,True,11,9,3;4;5;6;7;8;9;10;11,63,169,11520.043741502896,25179.73897296854,0.4575124370379743,0,8,884,True,True
star_8tips,1000,1000,5,5,geometric_naive;linear_bucketed;linear_naive;geometric_bucketed,2.0,6.211063778623667,linear_bucketed,Bucketing,linear,bucketed,65.76533301267773,2884,True,11,9,3;4;5;6;7;8;9;10;11,63,169,11520.043741502896,25179.73897296854,0.4575124370379743,0,8,884,True,True
star_8tips,1000,1000,5,5,geometric_naive;linear_bucketed;linear_naive;geometric_bucketed,2.0,6.211063778623667,geometric_naive,Geometric,geometric,naive,54.70712494570762,28455,True,12,3,3;6;12,21,163,11597.582819828012,25179.73897296854,0.46059186047474454,0,2,137,False,True
star_8tips,1000,1000,5,5,geometric_naive;linear_bucketed;linear_naive;geometric_bucketed,2.0,6.211063778623667,geometric_bucketed,Combined,geometric,bucketed,24.405832984484732,632,True,12,3,3;6;12,21,163,11597.582819828012,25179.73897296854,0.46059186047474454,0,2,137,False,True
star_8tips,1000,1000,6,6,linear_bucketed;linear_naive;geometric_bucketed;geometric_naive,2.0,6.14966530052997,linear_naive,Original,linear,naive,178.189207916148,103051,True,11,9,3;4;5;6;7;8;9;10;11,63,187,11018.083927062897,26373.091067660727,0.4177774952050849,0,8,660,True,True
star_8tips,1000,1000,6,6,linear_bucketed;linear_naive;geometric_bucketed;geometric_naive,2.0,6.14966530052997,linear_bucketed,Bucketing,linear,bucketed,65.80287497490644,2385,True,11,9,3;4;5;6;7;8;9;10;11,63,187,11018.083927062897,26373.091067660727,0.4177774952050849,0,8,660,True,True
star_8tips,1000,1000,6,6,linear_bucketed;linear_naive;geometric_bucketed;geometric_naive,2.0,6.14966530052997,geometric_naive,Geometric,geometric,naive,38.9042500173673,19278,True,12,3,3;6;12,21,155,11408.848122511317,26373.091067660727,0.43259427168554776,0,2,16,False,True
star_8tips,1000,1000,6,6,linear_bucketed;linear_naive;geometric_bucketed;geometric_naive,2.0,6.14966530052997,geometric_bucketed,Combined,geometric,bucketed,18.047875026240945,365,True,12,3,3;6;12,21,155,11408.848122511317,26373.091067660727,0.43259427168554776,0,2,16,False,True
star_8tips,1000,1000,7,7,linear_naive;geometric_bucketed;geometric_naive;linear_bucketed,2.0,6.1087228350609255,linear_naive,Original,linear,naive,161.30962502211332,98243,True,9,7,3;4;5;6;7;8;9,42,194,11148.398097837044,25995.494268393075,0.42885886233723025,0,6,732,True,True
star_8tips,1000,1000,7,7,linear_naive;geometric_bucketed;geometric_naive;linear_bucketed,2.0,6.1087228350609255,linear_bucketed,Bucketing,linear,bucketed,56.20962497778237,2101,True,9,7,3;4;5;6;7;8;9,42,194,11148.398097837044,25995.494268393075,0.42885886233723025,0,6,732,True,True
star_8tips,1000,1000,7,7,linear_naive;geometric_bucketed;geometric_naive;linear_bucketed,2.0,6.1087228350609255,geometric_naive,Geometric,geometric,naive,67.18866701703519,37849,True,12,3,3;6;12,21,160,11486.481264259186,25995.494268393075,0.44186431485648486,0,2,236,False,True
star_8tips,1000,1000,7,7,linear_naive;geometric_bucketed;geometric_naive;linear_bucketed,2.0,6.1087228350609255,geometric_bucketed,Combined,geometric,bucketed,29.12154095247388,903,True,12,3,3;6;12,21,160,11486.481264259186,25995.494268393075,0.44186431485648486,0,2,236,False,True
star_8tips,1000,1000,8,8,linear_naive;linear_bucketed;geometric_naive;geometric_bucketed,2.0,5.804688072428758,linear_naive,Original,linear,naive,174.9053749954328,89884,True,28,26,3;4;5;6;7;8;9;10;11;12;13;14;15;16;17;18;19;20;21;22;23;24;25;26;27;28,403,88,12378.407244222792,23800.662085944245,0.5200866765606913,0,25,1219,True,True
star_8tips,1000,1000,8,8,linear_naive;linear_bucketed;geometric_naive;geometric_bucketed,2.0,5.804688072428758,linear_bucketed,Bucketing,linear,bucketed,95.63879203051329,3476,True,28,26,3;4;5;6;7;8;9;10;11;12;13;14;15;16;17;18;19;20;21;22;23;24;25;26;27;28,403,88,12378.407244222792,23800.662085944245,0.5200866765606913,0,25,1219,True,True
star_8tips,1000,1000,8,8,linear_naive;linear_bucketed;geometric_naive;geometric_bucketed,2.0,5.804688072428758,geometric_naive,Geometric,geometric,naive,38.82337501272559,15164,True,48,5,3;6;12;24;48,93,60,13460.415438691452,23800.662085944245,0.5655479410650789,0,4,188,False,True
star_8tips,1000,1000,8,8,linear_naive;linear_bucketed;geometric_naive;geometric_bucketed,2.0,5.804688072428758,geometric_bucketed,Combined,geometric,bucketed,24.925832985900342,550,True,48,5,3;6;12;24;48,93,60,13460.415438691452,23800.662085944245,0.5655479410650789,0,4,188,False,True
star_8tips,1000,1000,9,9,linear_bucketed;geometric_naive;geometric_bucketed;linear_naive,2.0,5.840577743560508,linear_naive,Original,linear,naive,203.7536660209298,126367,True,8,6,3;4;5;6;7;8,33,207,10902.794388811604,24522.51260687909,0.4446034777754845,0,5,817,True,True
star_8tips,1000,1000,9,9,linear_bucketed;geometric_naive;geometric_bucketed;linear_naive,2.0,5.840577743560508,linear_bucketed,Bucketing,linear,bucketed,63.60183306969702,2246,True,8,6,3;4;5;6;7;8,33,207,10902.794388811604,24522.51260687909,0.4446034777754845,0,5,817,True,True
star_8tips,1000,1000,9,9,linear_bucketed;geometric_naive;geometric_bucketed;linear_naive,2.0,5.840577743560508,geometric_naive,Geometric,geometric,naive,84.99887504149228,49386,True,12,3,3;6;12,21,165,11389.081183792561,24522.51260687909,0.4644336967573902,0,2,246,False,True
star_8tips,1000,1000,9,9,linear_bucketed;geometric_naive;geometric_bucketed;linear_naive,2.0,5.840577743560508,geometric_bucketed,Combined,geometric,bucketed,30.991625040769577,1041,True,12,3,3;6;12,21,165,11389.081183792561,24522.51260687909,0.4644336967573902,0,2,246,False,True
star_8tips,5000,5000,0,0,linear_naive;linear_bucketed;geometric_naive;geometric_bucketed,2.0,2.807205927815203,linear_naive,Original,linear,naive,2066.7544999159873,1170054,True,18,16,3;4;5;6;7;8;9;10;11;12;13;14;15;16;17;18,168,327,12665.641660291236,27363.42526939892,0.4628675516897179,0,15,3978,True,True
star_8tips,5000,5000,0,0,linear_naive;linear_bucketed;geometric_naive;geometric_bucketed,2.0,2.807205927815203,linear_bucketed,Bucketing,linear,bucketed,690.7387499231845,9886,True,18,16,3;4;5;6;7;8;9;10;11;12;13;14;15;16;17;18,168,327,12665.641660291236,27363.42526939892,0.4628675516897179,0,15,3978,True,True
star_8tips,5000,5000,0,0,linear_naive;linear_bucketed;geometric_naive;geometric_bucketed,2.0,2.807205927815203,geometric_naive,Geometric,geometric,naive,416.4225000422448,216681,True,24,4,3;6;12;24,45,279,12871.539279722007,27363.42526939892,0.47039210745726756,0,3,589,False,True
star_8tips,5000,5000,0,0,linear_naive;linear_bucketed;geometric_naive;geometric_bucketed,2.0,2.807205927815203,geometric_bucketed,Combined,geometric,bucketed,171.94741603452712,1946,True,24,4,3;6;12;24,45,279,12871.539279722007,27363.42526939892,0.47039210745726756,0,3,589,False,True
star_8tips,5000,5000,1,1,linear_bucketed;geometric_naive;geometric_bucketed;linear_naive,2.0,2.7840805555996115,linear_naive,Original,linear,naive,363.53291710838675,188667,True,12,10,3;4;5;6;7;8;9;10;11;12,75,427,12400.604226107851,27452.713962633898,0.45170777078675756,0,9,541,True,True
star_8tips,5000,5000,1,1,linear_bucketed;geometric_naive;geometric_bucketed;linear_naive,2.0,2.7840805555996115,linear_bucketed,Bucketing,linear,bucketed,148.09904107823968,2117,True,12,10,3;4;5;6;7;8;9;10;11;12,75,427,12400.604226107851,27452.713962633898,0.45170777078675756,0,9,541,True,True
star_8tips,5000,5000,1,1,linear_bucketed;geometric_naive;geometric_bucketed;linear_naive,2.0,2.7840805555996115,geometric_naive,Geometric,geometric,naive,297.328041982837,163253,True,12,3,3;6;12,21,427,12400.604226107851,27452.713962633898,0.45170777078675756,0,2,224,True,True
star_8tips,5000,5000,1,1,linear_bucketed;geometric_naive;geometric_bucketed;linear_naive,2.0,2.7840805555996115,geometric_bucketed,Combined,geometric,bucketed,108.3845830289647,1385,True,12,3,3;6;12,21,427,12400.604226107851,27452.713962633898,0.45170777078675756,0,2,224,True,True
star_8tips,5000,5000,2,2,geometric_naive;geometric_bucketed;linear_naive;linear_bucketed,2.0,2.789891781122552,linear_naive,Original,linear,naive,2403.490833006799,1288711,True,20,18,3;4;5;6;7;8;9;10;11;12;13;14;15;16;17;18;19;20,207,303,12691.304018477007,27400.42181420527,0.4631791475522987,0,17,4559,True,True
star_8tips,5000,5000,2,2,geometric_naive;geometric_bucketed;linear_naive;linear_bucketed,2.0,2.789891781122552,linear_bucketed,Bucketing,linear,bucketed,876.6243339050561,11084,True,20,18,3;4;5;6;7;8;9;10;11;12;13;14;15;16;17;18;19;20,207,303,12691.304018477007,27400.42181420527,0.4631791475522987,0,17,4559,True,True
star_8tips,5000,5000,2,2,geometric_naive;geometric_bucketed;linear_naive;linear_bucketed,2.0,2.789891781122552,geometric_naive,Geometric,geometric,naive,478.2778749940917,254927,True,24,4,3;6;12;24,45,275,12786.359850571107,27400.42181420527,0.4666482850983791,0,3,694,False,True
star_8tips,5000,5000,2,2,geometric_naive;geometric_bucketed;linear_naive;linear_bucketed,2.0,2.789891781122552,geometric_bucketed,Combined,geometric,bucketed,186.28016696311533,2229,True,24,4,3;6;12;24,45,275,12786.359850571107,27400.42181420527,0.4666482850983791,0,3,694,False,True
star_8tips,5000,5000,3,3,geometric_bucketed;linear_naive;linear_bucketed;geometric_naive,2.0,2.7437390498935166,linear_naive,Original,linear,naive,1557.7091670129448,981450,True,15,13,3;4;5;6;7;8;9;10;11;12;13;14;15,117,380,12369.502951990806,27225.176609863804,0.45434059544389804,0,12,2816,True,True
star_8tips,5000,5000,3,3,geometric_bucketed;linear_naive;linear_bucketed;geometric_naive,2.0,2.7437390498935166,linear_bucketed,Bucketing,linear,bucketed,413.9857920818031,7050,True,15,13,3;4;5;6;7;8;9;10;11;12;13;14;15,117,380,12369.502951990806,27225.176609863804,0.45434059544389804,0,12,2816,True,True
star_8tips,5000,5000,3,3,geometric_bucketed;linear_naive;linear_bucketed;geometric_naive,2.0,2.7437390498935166,geometric_naive,Geometric,geometric,naive,320.26575005147606,178179,True,24,4,3;6;12;24,45,282,12711.388647761301,27225.176609863804,0.46689829895009416,0,3,429,False,True
star_8tips,5000,5000,3,3,geometric_bucketed;linear_naive;linear_bucketed;geometric_naive,2.0,2.7437390498935166,geometric_bucketed,Combined,geometric,bucketed,119.90462499670684,1486,True,24,4,3;6;12;24,45,282,12711.388647761301,27225.176609863804,0.46689829895009416,0,3,429,False,True
star_8tips,5000,5000,4,4,geometric_bucketed;geometric_naive;linear_bucketed;linear_naive,2.0,2.7702682510348287,linear_naive,Original,linear,naive,996.8955829972401,549117,True,13,11,3;4;5;6;7;8;9;10;11;12;13,88,406,12358.919400929943,27310.34429813141,0.45253619895870545,0,10,1906,True,True
star_8tips,5000,5000,4,4,geometric_bucketed;geometric_naive;linear_bucketed;linear_naive,2.0,2.7702682510348287,linear_bucketed,Bucketing,linear,bucketed,362.3191670048982,4957,True,13,11,3;4;5;6;7;8;9;10;11;12;13,88,406,12358.919400929943,27310.34429813141,0.45253619895870545,0,10,1906,True,True
star_8tips,5000,5000,4,4,geometric_bucketed;geometric_naive;linear_bucketed;linear_naive,2.0,2.7702682510348287,geometric_naive,Geometric,geometric,naive,427.580791991204,225605,True,24,4,3;6;12;24,45,283,12776.288294332298,27310.34429813141,0.46781864610935936,0,3,554,False,True
star_8tips,5000,5000,4,4,geometric_bucketed;geometric_naive;linear_bucketed;linear_naive,2.0,2.7702682510348287,geometric_bucketed,Combined,geometric,bucketed,173.18320798221976,1845,True,24,4,3;6;12;24,45,283,12776.288294332298,27310.34429813141,0.46781864610935936,0,3,554,False,True
star_8tips,5000,5000,5,5,geometric_naive;linear_bucketed;linear_naive;geometric_bucketed,2.0,2.8236740927902115,linear_naive,Original,linear,naive,696.5374170104042,384660,True,15,13,3;4;5;6;7;8;9;10;11;12;13;14;15,117,377,12459.97758452004,27470.432390621027,0.45357777436274116,0,12,1943,True,True
star_8tips,5000,5000,5,5,geometric_naive;linear_bucketed;linear_naive;geometric_bucketed,2.0,2.8236740927902115,linear_bucketed,Bucketing,linear,bucketed,261.72612502705306,4964,True,15,13,3;4;5;6;7;8;9;10;11;12;13;14;15,117,377,12459.97758452004,27470.432390621027,0.45357777436274116,0,12,1943,True,True
star_8tips,5000,5000,5,5,geometric_naive;linear_bucketed;linear_naive;geometric_bucketed,2.0,2.8236740927902115,geometric_naive,Geometric,geometric,naive,260.4891250375658,128690,True,24,4,3;6;12;24,45,281,12827.028394593772,27470.432390621027,0.46693944282337485,0,3,470,False,True
star_8tips,5000,5000,5,5,geometric_naive;linear_bucketed;linear_naive;geometric_bucketed,2.0,2.8236740927902115,geometric_bucketed,Combined,geometric,bucketed,116.84770800638944,1686,True,24,4,3;6;12;24,45,281,12827.028394593772,27470.432390621027,0.46693944282337485,0,3,470,False,True
star_8tips,5000,5000,6,6,linear_bucketed;linear_naive;geometric_bucketed;geometric_naive,2.0,2.793670729333983,linear_naive,Original,linear,naive,1158.7740409886464,635451,True,14,12,3;4;5;6;7;8;9;10;11;12;13;14,102,409,12326.115033352358,27759.774950681374,0.4440279164817152,0,11,2088,True,True
star_8tips,5000,5000,6,6,linear_bucketed;linear_naive;geometric_bucketed;geometric_naive,2.0,2.793670729333983,linear_bucketed,Bucketing,linear,bucketed,422.3956250352785,5621,True,14,12,3;4;5;6;7;8;9;10;11;12;13;14,102,409,12326.115033352358,27759.774950681374,0.4440279164817152,0,11,2088,True,True
star_8tips,5000,5000,6,6,linear_bucketed;linear_naive;geometric_bucketed;geometric_naive,2.0,2.793670729333983,geometric_naive,Geometric,geometric,naive,447.696250048466,233158,True,24,4,3;6;12;24,45,291,12711.496599598504,27759.774950681374,0.4579106502910066,0,3,653,False,True
star_8tips,5000,5000,6,6,linear_bucketed;linear_naive;geometric_bucketed;geometric_naive,2.0,2.793670729333983,geometric_bucketed,Combined,geometric,bucketed,179.73208404146135,2059,True,24,4,3;6;12;24,45,291,12711.496599598504,27759.774950681374,0.4579106502910066,0,3,653,False,True
star_8tips,5000,5000,7,7,linear_naive;geometric_bucketed;geometric_naive;linear_bucketed,2.0,2.7910607373316725,linear_naive,Original,linear,naive,1528.2352500362322,861199,True,15,13,3;4;5;6;7;8;9;10;11;12;13;14;15,117,394,12499.068779279636,27287.079676481684,0.4580581332802862,0,12,2580,True,True
star_8tips,5000,5000,7,7,linear_naive;geometric_bucketed;geometric_naive;linear_bucketed,2.0,2.7910607373316725,linear_bucketed,Bucketing,linear,bucketed,349.44333299063146,6426,True,15,13,3;4;5;6;7;8;9;10;11;12;13;14;15,117,394,12499.068779279636,27287.079676481684,0.4580581332802862,0,12,2580,True,True
star_8tips,5000,5000,7,7,linear_naive;geometric_bucketed;geometric_naive;linear_bucketed,2.0,2.7910607373316725,geometric_naive,Geometric,geometric,naive,359.2807910172269,205825,True,24,4,3;6;12;24,45,295,12896.488109117909,27287.079676481684,0.472622510800714,0,3,448,False,True
star_8tips,5000,5000,7,7,linear_naive;geometric_bucketed;geometric_naive;linear_bucketed,2.0,2.7910607373316725,geometric_bucketed,Combined,geometric,bucketed,121.72033300157636,1574,True,24,4,3;6;12;24,45,295,12896.488109117909,27287.079676481684,0.472622510800714,0,3,448,False,True
star_8tips,5000,5000,8,8,linear_naive;linear_bucketed;geometric_naive;geometric_bucketed,2.0,2.7892821873813816,linear_naive,Original,linear,naive,2068.5117499670014,1349035,True,12,10,3;4;5;6;7;8;9;10;11;12,75,449,12010.74407841375,27125.40864616804,0.44278573772235086,0,9,3314,True,True
star_8tips,5000,5000,8,8,linear_naive;linear_bucketed;geometric_naive;geometric_bucketed,2.0,2.7892821873813816,linear_bucketed,Bucketing,linear,bucketed,472.3010000307113,9089,True,12,10,3;4;5;6;7;8;9;10;11;12,75,449,12010.74407841375,27125.40864616804,0.44278573772235086,0,9,3314,True,True
star_8tips,5000,5000,8,8,linear_naive;linear_bucketed;geometric_naive;geometric_bucketed,2.0,2.7892821873813816,geometric_naive,Geometric,geometric,naive,408.3992090309039,240126,True,12,3,3;6;12,21,449,12010.74407841375,27125.40864616804,0.44278573772235086,0,2,392,True,True
star_8tips,5000,5000,8,8,linear_naive;linear_bucketed;geometric_naive;geometric_bucketed,2.0,2.7892821873813816,geometric_bucketed,Combined,geometric,bucketed,120.06429198663682,1973,True,12,3,3;6;12,21,449,12010.74407841375,27125.40864616804,0.44278573772235086,0,2,392,True,True
star_8tips,5000,5000,9,9,linear_bucketed;geometric_naive;geometric_bucketed;linear_naive,2.0,2.784506522899651,linear_naive,Original,linear,naive,345.15404200647026,172085,True,16,14,3;4;5;6;7;8;9;10;11;12;13;14;15;16,133,371,12370.125093683597,26743.955993097883,0.4625390909585738,0,13,588,True,True
star_8tips,5000,5000,9,9,linear_bucketed;geometric_naive;geometric_bucketed;linear_naive,2.0,2.784506522899651,linear_bucketed,Bucketing,linear,bucketed,156.8977499846369,2508,True,16,14,3;4;5;6;7;8;9;10;11;12;13;14;15;16,133,371,12370.125093683597,26743.955993097883,0.4625390909585738,0,13,588,True,True
star_8tips,5000,5000,9,9,linear_bucketed;geometric_naive;geometric_bucketed;linear_naive,2.0,2.784506522899651,geometric_naive,Geometric,geometric,naive,160.18533299211413,69151,True,24,4,3;6;12;24,45,284,12690.505502812417,26743.955993097883,0.4745186353913983,0,3,89,False,True
star_8tips,5000,5000,9,9,linear_bucketed;geometric_naive;geometric_bucketed;linear_naive,2.0,2.784506522899651,geometric_bucketed,Combined,geometric,bucketed,86.4191249711439,848,True,24,4,3;6;12;24,45,284,12690.505502812417,26743.955993097883,0.4745186353913983,0,3,89,False,True
star_8tips,10000,10000,0,0,linear_naive;linear_bucketed;geometric_naive;geometric_bucketed,2.0,2.004237802138416,linear_naive,Original,linear,naive,2092.5972081022337,1203355,True,18,16,3;4;5;6;7;8;9;10;11;12;13;14;15;16;17;18,168,461,13020.910300976944,27644.218371044186,0.47101748822153855,0,15,3874,True,True
star_8tips,10000,10000,0,0,linear_naive;linear_bucketed;geometric_naive;geometric_bucketed,2.0,2.004237802138416,linear_bucketed,Bucketing,linear,bucketed,708.8367079850286,9317,True,18,16,3;4;5;6;7;8;9;10;11;12;13;14;15;16;17;18,168,461,13020.910300976944,27644.218371044186,0.47101748822153855,0,15,3874,True,True
star_8tips,10000,10000,0,0,linear_naive;linear_bucketed;geometric_naive;geometric_bucketed,2.0,2.004237802138416,geometric_naive,Geometric,geometric,naive,583.9524590410292,302114,True,24,4,3;6;12;24,45,395,13175.911003892415,27644.218371044186,0.47662447268516245,0,3,619,False,True
star_8tips,10000,10000,0,0,linear_naive;linear_bucketed;geometric_naive;geometric_bucketed,2.0,2.004237802138416,geometric_bucketed,Combined,geometric,bucketed,237.46708291582763,2209,True,24,4,3;6;12;24,45,395,13175.911003892415,27644.218371044186,0.47662447268516245,0,3,619,False,True
star_8tips,10000,10000,1,1,linear_bucketed;geometric_naive;geometric_bucketed;linear_naive,2.0,1.9729427507100905,linear_naive,Original,linear,naive,2041.7879580054432,1091732,True,13,11,3;4;5;6;7;8;9;10;11;12;13,88,565,12858.214363533827,27499.186031367426,0.46758527139191974,0,10,2549,True,True
star_8tips,10000,10000,1,1,linear_bucketed;geometric_naive;geometric_bucketed;linear_naive,2.0,1.9729427507100905,linear_bucketed,Bucketing,linear,bucketed,737.1328339213505,6677,True,13,11,3;4;5;6;7;8;9;10;11;12;13,88,565,12858.214363533827,27499.186031367426,0.46758527139191974,0,10,2549,True,True
star_8tips,10000,10000,1,1,linear_bucketed;geometric_naive;geometric_bucketed;linear_naive,2.0,1.9729427507100905,geometric_naive,Geometric,geometric,naive,877.2092500003055,439191,True,24,4,3;6;12;24,45,411,13111.651381098854,27499.186031367426,0.476801435727691,0,3,805,False,True
star_8tips,10000,10000,1,1,linear_bucketed;geometric_naive;geometric_bucketed;linear_naive,2.0,1.9729427507100905,geometric_bucketed,Combined,geometric,bucketed,366.97541701141745,2725,True,24,4,3;6;12;24,45,411,13111.651381098854,27499.186031367426,0.476801435727691,0,3,805,False,True
star_8tips,10000,10000,2,2,geometric_naive;geometric_bucketed;linear_naive;linear_bucketed,2.0,1.9780295651786264,linear_naive,Original,linear,naive,6330.597874941304,2912993,True,30,28,3;4;5;6;7;8;9;10;11;12;13;14;15;16;17;18;19;20;21;22;23;24;25;26;27;28;29;30,462,340,13462.593471991187,27758.99898432466,0.48498123003619237,0,27,8339,True,True
star_8tips,10000,10000,2,2,geometric_naive;geometric_bucketed;linear_naive;linear_bucketed,2.0,1.9780295651786264,linear_bucketed,Bucketing,linear,bucketed,2951.9684590632096,19331,True,30,28,3;4;5;6;7;8;9;10;11;12;13;14;15;16;17;18;19;20;21;22;23;24;25;26;27;28;29;30,462,340,13462.593471991187,27758.99898432466,0.48498123003619237,0,27,8339,True,True
star_8tips,10000,10000,2,2,geometric_naive;geometric_bucketed;linear_naive;linear_bucketed,2.0,1.9780295651786264,geometric_naive,Geometric,geometric,naive,550.3117920598015,204541,True,48,5,3;6;12;24;48,93,262,13719.140487636518,27758.99898432466,0.49422317048909564,0,4,683,False,True
star_8tips,10000,10000,2,2,geometric_naive;geometric_bucketed;linear_naive;linear_bucketed,2.0,1.9780295651786264,geometric_bucketed,Combined,geometric,bucketed,323.62224999815226,2133,True,48,5,3;6;12;24;48,93,262,13719.140487636518,27758.99898432466,0.49422317048909564,0,4,683,False,True
star_8tips,10000,10000,3,3,geometric_bucketed;linear_naive;linear_bucketed;geometric_naive,2.0,1.9741752936299246,linear_naive,Original,linear,naive,4468.298124964349,2086886,True,22,20,3;4;5;6;7;8;9;10;11;12;13;14;15;16;17;18;19;20;21;22,250,402,13205.194965959736,27826.474932500627,0.474555077421481,0,19,5931,True,True
star_8tips,10000,10000,3,3,geometric_bucketed;linear_naive;linear_bucketed;geometric_naive,2.0,1.9741752936299246,linear_bucketed,Bucketing,linear,bucketed,2029.513500048779,12916,True,22,20,3;4;5;6;7;8;9;10;11;12;13;14;15;16;17;18;19;20;21;22,250,402,13205.194965959736,27826.474932500627,0.474555077421481,0,19,5931,True,True
star_8tips,10000,10000,3,3,geometric_bucketed;linear_naive;linear_bucketed;geometric_naive,2.0,1.9741752936299246,geometric_naive,Geometric,geometric,naive,498.95316699985415,176249,True,24,4,3;6;12;24,45,385,13244.613027883366,27826.474932500627,0.47597164427083033,0,3,398,False,True
star_8tips,10000,10000,3,3,geometric_bucketed;linear_naive;linear_bucketed;geometric_naive,2.0,1.9741752936299246,geometric_bucketed,Combined,geometric,bucketed,302.84508306067437,1579,True,24,4,3;6;12;24,45,385,13244.613027883366,27826.474932500627,0.47597164427083033,0,3,398,False,True
star_8tips,10000,10000,4,4,geometric_bucketed;geometric_naive;linear_bucketed;linear_naive,2.0,1.9901620978163301,linear_naive,Original,linear,naive,5879.776166984811,2984638,True,25,23,3;4;5;6;7;8;9;10;11;12;13;14;15;16;17;18;19;20;21;22;23;24;25,322,384,13217.39180604967,27795.22353152151,0.4755274513644521,0,22,7905,True,True
star_8tips,10000,10000,4,4,geometric_bucketed;geometric_naive;linear_bucketed;linear_naive,2.0,1.9901620978163301,linear_bucketed,Bucketing,linear,bucketed,2479.627375025302,18757,True,25,23,3;4;5;6;7;8;9;10;11;12;13;14;15;16;17;18;19;20;21;22;23;24;25,322,384,13217.39180604967,27795.22353152151,0.4755274513644521,0,22,7905,True,True
star_8tips,10000,10000,4,4,geometric_bucketed;geometric_naive;linear_bucketed;linear_naive,2.0,1.9901620978163301,geometric_naive,Geometric,geometric,naive,806.1394999967888,343836,True,48,5,3;6;12;24;48,93,278,13486.68587501342,27795.22353152151,0.48521595301144743,0,4,1009,False,True
star_8tips,10000,10000,4,4,geometric_bucketed;geometric_naive;linear_bucketed;linear_naive,2.0,1.9901620978163301,geometric_bucketed,Combined,geometric,bucketed,393.1492499541491,2942,True,48,5,3;6;12;24;48,93,278,13486.68587501342,27795.22353152151,0.48521595301144743,0,4,1009,False,True
star_8tips,10000,10000,5,5,geometric_naive;linear_bucketed;linear_naive;geometric_bucketed,2.0,2.0199744144859064,linear_naive,Original,linear,naive,4522.476667072624,2131392,True,23,21,3;4;5;6;7;8;9;10;11;12;13;14;15;16;17;18;19;20;21;22;23,273,397,13251.358224087955,28330.216086659515,0.46774645782980523,0,20,5955,True,True
star_8tips,10000,10000,5,5,geometric_naive;linear_bucketed;linear_naive;geometric_bucketed,2.0,2.0199744144859064,linear_bucketed,Bucketing,linear,bucketed,1997.1074169734493,12998,True,23,21,3;4;5;6;7;8;9;10;11;12;13;14;15;16;17;18;19;20;21;22;23,273,397,13251.358224087955,28330.216086659515,0.46774645782980523,0,20,5955,True,True
star_8tips,10000,10000,5,5,geometric_naive;linear_bucketed;linear_naive;geometric_bucketed,2.0,2.0199744144859064,geometric_naive,Geometric,geometric,naive,350.18533398397267,144586,True,24,4,3;6;12;24,45,390,13267.115217021854,28330.216086659515,0.46830264818450285,0,3,266,False,True
star_8tips,10000,10000,5,5,geometric_naive;linear_bucketed;linear_naive;geometric_bucketed,2.0,2.0199744144859064,geometric_bucketed,Combined,geometric,bucketed,189.81341691687703,1487,True,24,4,3;6;12;24,45,390,13267.115217021854,28330.216086659515,0.46830264818450285,0,3,266,False,True
star_8tips,10000,10000,6,6,linear_bucketed;linear_naive;geometric_bucketed;geometric_naive,2.0,1.9754235171144274,linear_naive,Original,linear,naive,2945.222125039436,1408232,True,18,16,3;4;5;6;7;8;9;10;11;12;13;14;15;16;17;18,168,451,13106.439798414356,27995.538660383416,0.4681617295316173,0,15,3922,True,True
star_8tips,10000,10000,6,6,linear_bucketed;linear_naive;geometric_bucketed;geometric_naive,2.0,1.9754235171144274,linear_bucketed,Bucketing,linear,bucketed,1233.1826669396833,9649,True,18,16,3;4;5;6;7;8;9;10;11;12;13;14;15;16;17;18,168,451,13106.439798414356,27995.538660383416,0.4681617295316173,0,15,3922,True,True
star_8tips,10000,10000,6,6,linear_bucketed;linear_naive;geometric_bucketed;geometric_naive,2.0,1.9754235171144274,geometric_naive,Geometric,geometric,naive,456.2539589824155,174400,True,24,4,3;6;12;24,45,381,13261.629947863883,27995.538660383416,0.4737051181169256,0,3,404,False,True
star_8tips,10000,10000,6,6,linear_bucketed;linear_naive;geometric_bucketed;geometric_naive,2.0,1.9754235171144274,geometric_bucketed,Combined,geometric,bucketed,239.64933294337243,1731,True,24,4,3;6;12;24,45,381,13261.629947863883,27995.538660383416,0.4737051181169256,0,3,404,False,True
star_8tips,10000,10000,7,7,linear_naive;geometric_bucketed;geometric_naive;linear_bucketed,2.0,1.9851827193959184,linear_naive,Original,linear,naive,1876.0688749607652,891608,True,16,14,3;4;5;6;7;8;9;10;11;12;13;14;15;16,133,497,13087.92289674271,27758.88870568748,0.471485837761983,0,13,1866,True,True
star_8tips,10000,10000,7,7,linear_naive;geometric_bucketed;geometric_naive;linear_bucketed,2.0,1.9851827193959184,linear_bucketed,Bucketing,linear,bucketed,737.6992499921471,5064,True,16,14,3;4;5;6;7;8;9;10;11;12;13;14;15;16,133,497,13087.92289674271,27758.88870568748,0.471485837761983,0,13,1866,True,True
star_8tips,10000,10000,7,7,linear_naive;geometric_bucketed;geometric_naive;linear_bucketed,2.0,1.9851827193959184,geometric_naive,Geometric,geometric,naive,325.4843329777941,136035,True,24,4,3;6;12;24,45,398,13291.595297693859,27758.88870568748,0.4788230335377425,0,3,75,False,True
star_8tips,10000,10000,7,7,linear_naive;geometric_bucketed;geometric_naive;linear_bucketed,2.0,1.9851827193959184,geometric_bucketed,Combined,geometric,bucketed,171.0394169203937,1025,True,24,4,3;6;12;24,45,398,13291.595297693859,27758.88870568748,0.4788230335377425,0,3,75,False,True
star_8tips,10000,10000,8,8,linear_naive;linear_bucketed;geometric_naive;geometric_bucketed,2.0,2.0059359386841003,linear_naive,Original,linear,naive,1997.884916025214,944280,True,12,10,3;4;5;6;7;8;9;10;11;12,75,591,12749.390760148839,28080.667268400135,0.45402734337784206,0,9,2139,True,True
star_8tips,10000,10000,8,8,linear_naive;linear_bucketed;geometric_naive;geometric_bucketed,2.0,2.0059359386841003,linear_bucketed,Bucketing,linear,bucketed,608.19979198277,5927,True,12,10,3;4;5;6;7;8;9;10;11;12,75,591,12749.390760148839,28080.667268400135,0.45402734337784206,0,9,2139,True,True
star_8tips,10000,10000,8,8,linear_naive;linear_bucketed;geometric_naive;geometric_bucketed,2.0,2.0059359386841003,geometric_naive,Geometric,geometric,naive,594.5201659342274,308735,True,12,3,3;6;12,21,591,12749.390760148839,28080.667268400135,0.45402734337784206,0,2,269,True,True
star_8tips,10000,10000,8,8,linear_naive;linear_bucketed;geometric_naive;geometric_bucketed,2.0,2.0059359386841003,geometric_bucketed,Combined,geometric,bucketed,215.22454207297415,1844,True,12,3,3;6;12,21,591,12749.390760148839,28080.667268400135,0.45402734337784206,0,2,269,True,True
star_8tips,10000,10000,9,9,linear_bucketed;geometric_naive;geometric_bucketed;linear_naive,2.0,1.9705097575512907,linear_naive,Original,linear,naive,717.716958024539,320112,True,18,16,3;4;5;6;7;8;9;10;11;12;13;14;15;16;17;18,168,466,13034.687202522075,27865.49615981923,0.46777158130482155,0,15,1096,True,True
star_8tips,10000,10000,9,9,linear_bucketed;geometric_naive;geometric_bucketed;linear_naive,2.0,1.9705097575512907,linear_bucketed,Bucketing,linear,bucketed,355.2392090205103,3767,True,18,16,3;4;5;6;7;8;9;10;11;12;13;14;15;16;17;18,168,466,13034.687202522075,27865.49615981923,0.46777158130482155,0,15,1096,True,True
star_8tips,10000,10000,9,9,linear_bucketed;geometric_naive;geometric_bucketed;linear_naive,2.0,1.9705097575512907,geometric_naive,Geometric,geometric,naive,333.6903329472989,137029,True,24,4,3;6;12;24,45,386,13272.722953668725,27865.49615981923,0.476313892907006,0,3,148,False,True
star_8tips,10000,10000,9,9,linear_bucketed;geometric_naive;geometric_bucketed;linear_naive,2.0,1.9705097575512907,geometric_bucketed,Combined,geometric,bucketed,178.2221250468865,1209,True,24,4,3;6;12;24,45,386,13272.722953668725,27865.49615981923,0.476313892907006,0,3,148,False,True
star_8tips,50000,50000,0,0,linear_naive;linear_bucketed;geometric_naive;geometric_bucketed,2.0,0.9027264378485218,linear_naive,Original,linear,naive,6207.7645000535995,1899192,True,23,21,3;4;5;6;7;8;9;10;11;12;13;14;15;16;17;18;19;20;21;22;23,273,741,14006.614303433782,28886.23924856956,0.4848888144595488,0,20,5096,True,True
star_8tips,50000,50000,0,0,linear_naive;linear_bucketed;geometric_naive;geometric_bucketed,2.0,0.9027264378485218,linear_bucketed,Bucketing,linear,bucketed,3820.315167075023,12571,True,23,21,3;4;5;6;7;8;9;10;11;12;13;14;15;16;17;18;19;20;21;22;23,273,741,14006.614303433782,28886.23924856956,0.4848888144595488,0,20,5096,True,True
star_8tips,50000,50000,0,0,linear_naive;linear_bucketed;geometric_naive;geometric_bucketed,2.0,0.9027264378485218,geometric_naive,Geometric,geometric,naive,1825.6692920112982,605111,True,24,4,3;6;12;24,45,726,14014.146066012087,28886.23924856956,0.4851495532325505,0,3,517,False,True
star_8tips,50000,50000,0,0,linear_naive;linear_bucketed;geometric_naive;geometric_bucketed,2.0,0.9027264378485218,geometric_bucketed,Combined,geometric,bucketed,1105.78624997288,2699,True,24,4,3;6;12;24,45,726,14014.146066012087,28886.23924856956,0.4851495532325505,0,3,517,False,True
star_8tips,50000,50000,1,1,linear_bucketed;geometric_naive;geometric_bucketed;linear_naive,2.0,0.9072732640168075,linear_naive,Original,linear,naive,2765.6912920065224,800191,True,18,16,3;4;5;6;7;8;9;10;11;12;13;14;15;16;17;18,168,795,13970.118610590445,28852.152446393007,0.4841967557376101,0,15,1816,True,True
star_8tips,50000,50000,1,1,linear_bucketed;geometric_naive;geometric_bucketed;linear_naive,2.0,0.9072732640168075,linear_bucketed,Bucketing,linear,bucketed,1876.1403750395402,5994,True,18,16,3;4;5;6;7;8;9;10;11;12;13;14;15;16;17;18,168,795,13970.118610590445,28852.152446393007,0.4841967557376101,0,15,1816,True,True
star_8tips,50000,50000,1,1,linear_bucketed;geometric_naive;geometric_bucketed;linear_naive,2.0,0.9072732640168075,geometric_naive,Geometric,geometric,naive,1423.1685830745846,403493,True,24,4,3;6;12;24,45,674,14067.98067767183,28852.152446393007,0.4875886020569865,0,3,361,False,True
star_8tips,50000,50000,1,1,linear_bucketed;geometric_naive;geometric_bucketed;linear_naive,2.0,0.9072732640168075,geometric_bucketed,Combined,geometric,bucketed,955.9060420142487,2214,True,24,4,3;6;12;24,45,674,14067.98067767183,28852.152446393007,0.4875886020569865,0,3,361,False,True
star_8tips,50000,50000,2,2,geometric_naive;geometric_bucketed;linear_naive;linear_bucketed,2.0,0.9024716524019358,linear_naive,Original,linear,naive,5956.275457981974,1794156,True,32,30,3;4;5;6;7;8;9;10;11;12;13;14;15;16;17;18;19;20;21;22;23;24;25;26;27;28;29;30;31;32,525,575,14218.425532320482,28770.60459825989,0.4941997476542583,0,29,6026,True,True
star_8tips,50000,50000,2,2,geometric_naive;geometric_bucketed;linear_naive;linear_bucketed,2.0,0.9024716524019358,linear_bucketed,Bucketing,linear,bucketed,3907.613749965094,13939,True,32,30,3;4;5;6;7;8;9;10;11;12;13;14;15;16;17;18;19;20;21;22;23;24;25;26;27;28;29;30;31;32,525,575,14218.425532320482,28770.60459825989,0.4941997476542583,0,29,6026,True,True
star_8tips,50000,50000,2,2,geometric_naive;geometric_bucketed;linear_naive;linear_bucketed,2.0,0.9024716524019358,geometric_naive,Geometric,geometric,naive,1872.3890000255778,418330,True,48,5,3;6;12;24;48,93,488,14333.800006256688,28770.60459825989,0.49820989883277,0,4,810,False,True
star_8tips,50000,50000,2,2,geometric_naive;geometric_bucketed;linear_naive;linear_bucketed,2.0,0.9024716524019358,geometric_bucketed,Combined,geometric,bucketed,1202.171958051622,2800,True,48,5,3;6;12;24;48,93,488,14333.800006256688,28770.60459825989,0.49820989883277,0,4,810,False,True
star_8tips,50000,50000,3,3,geometric_bucketed;linear_naive;linear_bucketed;geometric_naive,2.0,0.9010511351424453,linear_naive,Original,linear,naive,5921.394791104831,2475037,True,17,15,3;4;5;6;7;8;9;10;11;12;13;14;15;16;17,150,820,13920.437969269105,28617.335815931554,0.4864337497664426,0,14,4054,True,True
star_8tips,50000,50000,3,3,geometric_bucketed;linear_naive;linear_bucketed;geometric_naive,2.0,0.9010511351424453,linear_bucketed,Bucketing,linear,bucketed,2879.876749939285,10004,True,17,15,3;4;5;6;7;8;9;10;11;12;13;14;15;16;17,150,820,13920.437969269105,28617.335815931554,0.4864337497664426,0,14,4054,True,True
star_8tips,50000,50000,3,3,geometric_bucketed;linear_naive;linear_bucketed;geometric_naive,2.0,0.9010511351424453,geometric_naive,Geometric,geometric,naive,1758.5381249664351,497622,True,24,4,3;6;12;24,45,693,14015.079305651547,28617.335815931554,0.4897408827920737,0,3,361,False,True
star_8tips,50000,50000,3,3,geometric_bucketed;linear_naive;linear_bucketed;geometric_naive,2.0,0.9010511351424453,geometric_bucketed,Combined,geometric,bucketed,991.9570420170203,2495,True,24,4,3;6;12;24,45,693,14015.079305651547,28617.335815931554,0.4897408827920737,0,3,361,False,True
star_8tips,50000,50000,4,4,geometric_bucketed;geometric_naive;linear_bucketed;linear_naive,2.0,0.9048060112324273,linear_naive,Original,linear,naive,6328.716584015638,1842029,True,23,21,3;4;5;6;7;8;9;10;11;12;13;14;15;16;17;18;19;20;21;22;23,273,692,14081.103969730006,29128.900783192454,0.4834066370899545,0,20,4854,True,True
star_8tips,50000,50000,4,4,geometric_bucketed;geometric_naive;linear_bucketed;linear_naive,2.0,0.9048060112324273,linear_bucketed,Bucketing,linear,bucketed,3809.6807500114664,12720,True,23,21,3;4;5;6;7;8;9;10;11;12;13;14;15;16;17;18;19;20;21;22;23,273,692,14081.103969730006,29128.900783192454,0.4834066370899545,0,20,4854,True,True
star_8tips,50000,50000,4,4,geometric_bucketed;geometric_naive;linear_bucketed;linear_naive,2.0,0.9048060112324273,geometric_naive,Geometric,geometric,naive,1959.6679579699412,589611,True,24,4,3;6;12;24,45,676,14096.01856034149,29128.900783192454,0.48391865746183516,0,3,531,False,True
star_8tips,50000,50000,4,4,geometric_bucketed;geometric_naive;linear_bucketed;linear_naive,2.0,0.9048060112324273,geometric_bucketed,Combined,geometric,bucketed,1338.6911659035832,2834,True,24,4,3;6;12;24,45,676,14096.01856034149,29128.900783192454,0.48391865746183516,0,3,531,False,True
star_8tips,50000,50000,5,5,geometric_naive;linear_bucketed;linear_naive;geometric_bucketed,2.0,0.9118344045470901,linear_naive,Original,linear,naive,2619.312584050931,698669,True,19,17,3;4;5;6;7;8;9;10;11;12;13;14;15;16;17;18;19,187,786,14007.26757382431,28987.926002148535,0.48321040880213767,0,16,1578,True,True
star_8tips,50000,50000,5,5,geometric_naive;linear_bucketed;linear_naive;geometric_bucketed,2.0,0.9118344045470901,linear_bucketed,Bucketing,linear,bucketed,1853.4430830040947,5226,True,19,17,3;4;5;6;7;8;9;10;11;12;13;14;15;16;17;18;19,187,786,14007.26757382431,28987.926002148535,0.48321040880213767,0,16,1578,True,True
star_8tips,50000,50000,5,5,geometric_naive;linear_bucketed;linear_naive;geometric_bucketed,2.0,0.9118344045470901,geometric_naive,Geometric,geometric,naive,1474.0585000254214,445414,True,24,4,3;6;12;24,45,694,14079.27987222949,28987.926002148535,0.4856946257964767,0,3,217,False,True
star_8tips,50000,50000,5,5,geometric_naive;linear_bucketed;linear_naive;geometric_bucketed,2.0,0.9118344045470901,geometric_bucketed,Combined,geometric,bucketed,923.6243750201538,2071,True,24,4,3;6;12;24,45,694,14079.27987222949,28987.926002148535,0.4856946257964767,0,3,217,False,True
star_8tips,50000,50000,6,6,linear_bucketed;linear_naive;geometric_bucketed;geometric_naive,2.0,0.9092035238981516,linear_naive,Original,linear,naive,2490.081625059247,606722,True,19,17,3;4;5;6;7;8;9;10;11;12;13;14;15;16;17;18;19,187,767,14025.995026771543,28835.449026021804,0.48641500307881963,0,16,1314,True,True
star_8tips,50000,50000,6,6,linear_bucketed;linear_naive;geometric_bucketed;geometric_naive,2.0,0.9092035238981516,linear_bucketed,Bucketing,linear,bucketed,1694.7763750795275,4642,True,19,17,3;4;5;6;7;8;9;10;11;12;13;14;15;16;17;18;19,187,767,14025.995026771543,28835.449026021804,0.48641500307881963,0,16,1314,True,True
star_8tips,50000,50000,6,6,linear_bucketed;linear_naive;geometric_bucketed;geometric_naive,2.0,0.9092035238981516,geometric_naive,Geometric,geometric,naive,1400.179166928865,413995,True,24,4,3;6;12;24,45,678,14103.479033306512,28835.449026021804,0.4891021124928276,0,3,223,False,True
star_8tips,50000,50000,6,6,linear_bucketed;linear_naive;geometric_bucketed;geometric_naive,2.0,0.9092035238981516,geometric_bucketed,Combined,geometric,bucketed,905.6973329279572,2005,True,24,4,3;6;12;24,45,678,14103.479033306512,28835.449026021804,0.4891021124928276,0,3,223,False,True
star_8tips,50000,50000,7,7,linear_naive;geometric_bucketed;geometric_naive;linear_bucketed,2.0,0.9087271435737755,linear_naive,Original,linear,naive,8090.113291982561,3281223,True,28,26,3;4;5;6;7;8;9;10;11;12;13;14;15;16;17;18;19;20;21;22;23;24;25;26;27;28,403,644,14039.497285391217,29082.209043358336,0.48275209302222843,0,25,6933,True,True
star_8tips,50000,50000,7,7,linear_naive;geometric_bucketed;geometric_naive;linear_bucketed,2.0,0.9087271435737755,linear_bucketed,Bucketing,linear,bucketed,4361.988916993141,17934,True,28,26,3;4;5;6;7;8;9;10;11;12;13;14;15;16;17;18;19;20;21;22;23;24;25;26;27;28,403,644,14039.497285391217,29082.209043358336,0.48275209302222843,0,25,6933,True,True
star_8tips,50000,50000,7,7,linear_naive;geometric_bucketed;geometric_naive;linear_bucketed,2.0,0.9087271435737755,geometric_naive,Geometric,geometric,naive,1936.1598750110716,641706,True,48,5,3;6;12;24;48,93,492,14189.596862376202,29082.209043358336,0.48791330951583123,0,4,1010,False,True
star_8tips,50000,50000,7,7,linear_naive;geometric_bucketed;geometric_naive;linear_bucketed,2.0,0.9087271435737755,geometric_bucketed,Combined,geometric,bucketed,1199.541375041008,3579,True,48,5,3;6;12;24;48,93,492,14189.596862376202,29082.209043358336,0.48791330951583123,0,4,1010,False,True
star_8tips,50000,50000,8,8,linear_naive;linear_bucketed;geometric_naive;geometric_bucketed,2.0,0.9060290329141897,linear_naive,Original,linear,naive,9586.277374997735,3880726,True,17,15,3;4;5;6;7;8;9;10;11;12;13;14;15;16;17,150,806,13926.815953071833,28946.28417374836,0.481126208444474,0,14,6194,True,True
star_8tips,50000,50000,8,8,linear_naive;linear_bucketed;geometric_naive;geometric_bucketed,2.0,0.9060290329141897,linear_bucketed,Bucketing,linear,bucketed,4689.996584085748,14076,True,17,15,3;4;5;6;7;8;9;10;11;12;13;14;15;16;17,150,806,13926.815953071833,28946.28417374836,0.481126208444474,0,14,6194,True,True
star_8tips,50000,50000,8,8,linear_naive;linear_bucketed;geometric_naive;geometric_bucketed,2.0,0.9060290329141897,geometric_naive,Geometric,geometric,naive,2188.2509159622714,830920,True,24,4,3;6;12;24,45,689,14019.5507804756,28946.28417374836,0.48432989520603315,0,3,855,False,True
star_8tips,50000,50000,8,8,linear_naive;linear_bucketed;geometric_naive;geometric_bucketed,2.0,0.9060290329141897,geometric_bucketed,Combined,geometric,bucketed,1386.3668330013752,3243,True,24,4,3;6;12;24,45,689,14019.5507804756,28946.28417374836,0.48432989520603315,0,3,855,False,True
star_8tips,50000,50000,9,9,linear_bucketed;geometric_naive;geometric_bucketed;linear_naive,2.0,0.9104478218376635,linear_naive,Original,linear,naive,6485.567333991639,2389864,True,17,15,3;4;5;6;7;8;9;10;11;12;13;14;15;16;17,150,822,13940.579437773999,28903.957555673238,0.482306943985868,0,14,3790,True,True
star_8tips,50000,50000,9,9,linear_bucketed;geometric_naive;geometric_bucketed;linear_naive,2.0,0.9104478218376635,linear_bucketed,Bucketing,linear,bucketed,3634.7098330734298,10193,True,17,15,3;4;5;6;7;8;9;10;11;12;13;14;15;16;17,150,822,13940.579437773999,28903.957555673238,0.482306943985868,0,14,3790,True,True
star_8tips,50000,50000,9,9,linear_bucketed;geometric_naive;geometric_bucketed;linear_naive,2.0,0.9104478218376635,geometric_naive,Geometric,geometric,naive,1452.5125420186669,444313,True,24,4,3;6;12;24,45,679,14070.545549743856,28903.957555673238,0.48680342553928585,0,3,268,False,True
star_8tips,50000,50000,9,9,linear_bucketed;geometric_naive;geometric_bucketed;linear_naive,2.0,0.9104478218376635,geometric_bucketed,Combined,geometric,bucketed,939.6407079184428,2131,True,24,4,3;6;12;24,45,679,14070.545549743856,28903.957555673238,0.48680342553928585,0,3,268,False,True
us_cities,219,202,0,,linear_naive;linear_bucketed;geometric_naive;geometric_bucketed,2.0,3.7841293190371212,linear_naive,Original,linear,naive,9.88583394791931,4395,True,5,3,3;4;5,12,69,702.0,959.5,0.7316310578426264,0,2,72,True,True
us_cities,219,202,0,,linear_naive;linear_bucketed;geometric_naive;geometric_bucketed,2.0,3.7841293190371212,linear_bucketed,Bucketing,linear,bucketed,7.319000083953142,542,True,5,3,3;4;5,12,69,702.0,959.5,0.7316310578426264,0,2,72,True,True
us_cities,219,202,0,,linear_naive;linear_bucketed;geometric_naive;geometric_bucketed,2.0,3.7841293190371212,geometric_naive,Geometric,geometric,naive,7.417291984893382,3031,True,6,2,3;6,9,62,718.0,959.5,0.7483064095883273,0,1,34,False,True
us_cities,219,202,0,,linear_naive;linear_bucketed;geometric_naive;geometric_bucketed,2.0,3.7841293190371212,geometric_bucketed,Combined,geometric,bucketed,5.321750068105757,270,True,6,2,3;6,9,62,718.0,959.5,0.7483064095883273,0,1,34,False,True
us_cities,219,202,1,,linear_bucketed;geometric_naive;geometric_bucketed;linear_naive,2.0,3.7841293190371212,linear_naive,Original,linear,naive,9.773958008736372,4395,True,5,3,3;4;5,12,69,702.0,959.5,0.7316310578426264,0,2,72,True,True
us_cities,219,202,1,,linear_bucketed;geometric_naive;geometric_bucketed;linear_naive,2.0,3.7841293190371212,linear_bucketed,Bucketing,linear,bucketed,6.981250015087426,542,True,5,3,3;4;5,12,69,702.0,959.5,0.7316310578426264,0,2,72,True,True
us_cities,219,202,1,,linear_bucketed;geometric_naive;geometric_bucketed;linear_naive,2.0,3.7841293190371212,geometric_naive,Geometric,geometric,naive,7.309041917324066,3031,True,6,2,3;6,9,62,718.0,959.5,0.7483064095883273,0,1,34,False,True
us_cities,219,202,1,,linear_bucketed;geometric_naive;geometric_bucketed;linear_naive,2.0,3.7841293190371212,geometric_bucketed,Combined,geometric,bucketed,5.033625056967139,270,True,6,2,3;6,9,62,718.0,959.5,0.7483064095883273,0,1,34,False,True
us_cities,219,202,2,,geometric_naive;geometric_bucketed;linear_naive;linear_bucketed,2.0,3.7841293190371212,linear_naive,Original,linear,naive,10.302125010639429,4395,True,5,3,3;4;5,12,69,702.0,959.5,0.7316310578426264,0,2,72,True,True
us_cities,219,202,2,,geometric_naive;geometric_bucketed;linear_naive;linear_bucketed,2.0,3.7841293190371212,linear_bucketed,Bucketing,linear,bucketed,7.534499978646636,542,True,5,3,3;4;5,12,69,702.0,959.5,0.7316310578426264,0,2,72,True,True
us_cities,219,202,2,,geometric_naive;geometric_bucketed;linear_naive;linear_bucketed,2.0,3.7841293190371212,geometric_naive,Geometric,geometric,naive,7.189042051322758,3031,True,6,2,3;6,9,62,718.0,959.5,0.7483064095883273,0,1,34,False,True
us_cities,219,202,2,,geometric_naive;geometric_bucketed;linear_naive;linear_bucketed,2.0,3.7841293190371212,geometric_bucketed,Combined,geometric,bucketed,5.51379204262048,270,True,6,2,3;6,9,62,718.0,959.5,0.7483064095883273,0,1,34,False,True
us_cities,219,202,3,,geometric_bucketed;linear_naive;linear_bucketed;geometric_naive,2.0,3.7841293190371212,linear_naive,Original,linear,naive,10.100999963469803,4395,True,5,3,3;4;5,12,69,702.0,959.5,0.7316310578426264,0,2,72,True,True
us_cities,219,202,3,,geometric_bucketed;linear_naive;linear_bucketed;geometric_naive,2.0,3.7841293190371212,linear_bucketed,Bucketing,linear,bucketed,6.876250030472875,542,True,5,3,3;4;5,12,69,702.0,959.5,0.7316310578426264,0,2,72,True,True
us_cities,219,202,3,,geometric_bucketed;linear_naive;linear_bucketed;geometric_naive,2.0,3.7841293190371212,geometric_naive,Geometric,geometric,naive,7.473584031686187,3031,True,6,2,3;6,9,62,718.0,959.5,0.7483064095883273,0,1,34,False,True
us_cities,219,202,3,,geometric_bucketed;linear_naive;linear_bucketed;geometric_naive,2.0,3.7841293190371212,geometric_bucketed,Combined,geometric,bucketed,5.1126249600201845,270,True,6,2,3;6,9,62,718.0,959.5,0.7483064095883273,0,1,34,False,True
us_cities,219,202,4,,geometric_bucketed;geometric_naive;linear_bucketed;linear_naive,2.0,3.7841293190371212,linear_naive,Original,linear,naive,9.951749932952225,4395,True,5,3,3;4;5,12,69,702.0,959.5,0.7316310578426264,0,2,72,True,True
us_cities,219,202,4,,geometric_bucketed;geometric_naive;linear_bucketed;linear_naive,2.0,3.7841293190371212,linear_bucketed,Bucketing,linear,bucketed,6.900083040818572,542,True,5,3,3;4;5,12,69,702.0,959.5,0.7316310578426264,0,2,72,True,True
us_cities,219,202,4,,geometric_bucketed;geometric_naive;linear_bucketed;linear_naive,2.0,3.7841293190371212,geometric_naive,Geometric,geometric,naive,7.2358750039711595,3031,True,6,2,3;6,9,62,718.0,959.5,0.7483064095883273,0,1,34,False,True
us_cities,219,202,4,,geometric_bucketed;geometric_naive;linear_bucketed;linear_naive,2.0,3.7841293190371212,geometric_bucketed,Combined,geometric,bucketed,5.053124972619116,270,True,6,2,3;6,9,62,718.0,959.5,0.7483064095883273,0,1,34,False,True
us_cities,219,202,5,,geometric_naive;linear_bucketed;linear_naive;geometric_bucketed,2.0,3.7841293190371212,linear_naive,Original,linear,naive,10.48024999909103,4395,True,5,3,3;4;5,12,69,702.0,959.5,0.7316310578426264,0,2,72,True,True
us_cities,219,202,5,,geometric_naive;linear_bucketed;linear_naive;geometric_bucketed,2.0,3.7841293190371212,linear_bucketed,Bucketing,linear,bucketed,7.108040968887508,542,True,5,3,3;4;5,12,69,702.0,959.5,0.7316310578426264,0,2,72,True,True
us_cities,219,202,5,,geometric_naive;linear_bucketed;linear_naive;geometric_bucketed,2.0,3.7841293190371212,geometric_naive,Geometric,geometric,naive,7.49400001950562,3031,True,6,2,3;6,9,62,718.0,959.5,0.7483064095883273,0,1,34,False,True
us_cities,219,202,5,,geometric_naive;linear_bucketed;linear_naive;geometric_bucketed,2.0,3.7841293190371212,geometric_bucketed,Combined,geometric,bucketed,5.276666954159737,270,True,6,2,3;6,9,62,718.0,959.5,0.7483064095883273,0,1,34,False,True
us_cities,219,202,6,,linear_bucketed;linear_naive;geometric_bucketed;geometric_naive,2.0,3.7841293190371212,linear_naive,Original,linear,naive,9.915624978020787,4395,True,5,3,3;4;5,12,69,702.0,959.5,0.7316310578426264,0,2,72,True,True
us_cities,219,202,6,,linear_bucketed;linear_naive;geometric_bucketed;geometric_naive,2.0,3.7841293190371212,linear_bucketed,Bucketing,linear,bucketed,7.085165940225124,542,True,5,3,3;4;5,12,69,702.0,959.5,0.7316310578426264,0,2,72,True,True
us_cities,219,202,6,,linear_bucketed;linear_naive;geometric_bucketed;geometric_naive,2.0,3.7841293190371212,geometric_naive,Geometric,geometric,naive,7.177500054240227,3031,True,6,2,3;6,9,62,718.0,959.5,0.7483064095883273,0,1,34,False,True
us_cities,219,202,6,,linear_bucketed;linear_naive;geometric_bucketed;geometric_naive,2.0,3.7841293190371212,geometric_bucketed,Combined,geometric,bucketed,5.087833967991173,270,True,6,2,3;6,9,62,718.0,959.5,0.7483064095883273,0,1,34,False,True
us_cities,219,202,7,,linear_naive;geometric_bucketed;geometric_naive;linear_bucketed,2.0,3.7841293190371212,linear_naive,Original,linear,naive,9.867707965895534,4395,True,5,3,3;4;5,12,69,702.0,959.5,0.7316310578426264,0,2,72,True,True
us_cities,219,202,7,,linear_naive;geometric_bucketed;geometric_naive;linear_bucketed,2.0,3.7841293190371212,linear_bucketed,Bucketing,linear,bucketed,8.298792061395943,542,True,5,3,3;4;5,12,69,702.0,959.5,0.7316310578426264,0,2,72,True,True
us_cities,219,202,7,,linear_naive;geometric_bucketed;geometric_naive;linear_bucketed,2.0,3.7841293190371212,geometric_naive,Geometric,geometric,naive,7.969375001266599,3031,True,6,2,3;6,9,62,718.0,959.5,0.7483064095883273,0,1,34,False,True
us_cities,219,202,7,,linear_naive;geometric_bucketed;geometric_naive;linear_bucketed,2.0,3.7841293190371212,geometric_bucketed,Combined,geometric,bucketed,5.410042009316385,270,True,6,2,3;6,9,62,718.0,959.5,0.7483064095883273,0,1,34,False,True
us_cities,219,202,8,,linear_naive;linear_bucketed;geometric_naive;geometric_bucketed,2.0,3.7841293190371212,linear_naive,Original,linear,naive,9.968374972231686,4395,True,5,3,3;4;5,12,69,702.0,959.5,0.7316310578426264,0,2,72,True,True
us_cities,219,202,8,,linear_naive;linear_bucketed;geometric_naive;geometric_bucketed,2.0,3.7841293190371212,linear_bucketed,Bucketing,linear,bucketed,6.7317079519853,542,True,5,3,3;4;5,12,69,702.0,959.5,0.7316310578426264,0,2,72,True,True
us_cities,219,202,8,,linear_naive;linear_bucketed;geometric_naive;geometric_bucketed,2.0,3.7841293190371212,geometric_naive,Geometric,geometric,naive,7.149292039684951,3031,True,6,2,3;6,9,62,718.0,959.5,0.7483064095883273,0,1,34,False,True
us_cities,219,202,8,,linear_naive;linear_bucketed;geometric_naive;geometric_bucketed,2.0,3.7841293190371212,geometric_bucketed,Combined,geometric,bucketed,5.049999919719994,270,True,6,2,3;6,9,62,718.0,959.5,0.7483064095883273,0,1,34,False,True
us_cities,219,202,9,,linear_bucketed;geometric_naive;geometric_bucketed;linear_naive,2.0,3.7841293190371212,linear_naive,Original,linear,naive,9.861084050498903,4395,True,5,3,3;4;5,12,69,702.0,959.5,0.7316310578426264,0,2,72,True,True
us_cities,219,202,9,,linear_bucketed;geometric_naive;geometric_bucketed;linear_naive,2.0,3.7841293190371212,linear_bucketed,Bucketing,linear,bucketed,7.068666047416627,542,True,5,3,3;4;5,12,69,702.0,959.5,0.7316310578426264,0,2,72,True,True
us_cities,219,202,9,,linear_bucketed;geometric_naive;geometric_bucketed;linear_naive,2.0,3.7841293190371212,geometric_naive,Geometric,geometric,naive,7.363084005191922,3031,True,6,2,3;6,9,62,718.0,959.5,0.7483064095883273,0,1,34,False,True
us_cities,219,202,9,,linear_bucketed;geometric_naive;geometric_bucketed;linear_naive,2.0,3.7841293190371212,geometric_bucketed,Combined,geometric,bucketed,5.163750029169023,270,True,6,2,3;6,9,62,718.0,959.5,0.7483064095883273,0,1,34,False,True
gray_wolf,1054,1054,0,,linear_naive;linear_bucketed;geometric_naive;geometric_bucketed,2.0,3.3592875391421426,linear_naive,Original,linear,naive,573.2064580079168,292911,True,25,23,3;4;5;6;7;8;9;10;11;12;13;14;15;16;17;18;19;20;21;22;23;24;25,322,92,1350.6422625300006,2558.07625495,0.5279913997545785,0,22,1890,True,True
gray_wolf,1054,1054,0,,linear_naive;linear_bucketed;geometric_naive;geometric_bucketed,2.0,3.3592875391421426,linear_bucketed,Bucketing,linear,bucketed,223.10725005809218,42541,True,25,23,3;4;5;6;7;8;9;10;11;12;13;14;15;16;17;18;19;20;21;22;23;24;25,322,92,1350.6422625300006,2558.07625495,0.5279913997545785,0,22,1890,True,True
gray_wolf,1054,1054,0,,linear_naive;linear_bucketed;geometric_naive;geometric_bucketed,2.0,3.3592875391421426,geometric_naive,Geometric,geometric,naive,89.19720898848027,44005,True,48,5,3;6;12;24;48,93,63,1866.225777475001,2558.07625495,0.7295426685829888,0,4,355,False,True
gray_wolf,1054,1054,0,,linear_naive;linear_bucketed;geometric_naive;geometric_bucketed,2.0,3.3592875391421426,geometric_bucketed,Combined,geometric,bucketed,55.444333935156465,8281,True,48,5,3;6;12;24;48,93,63,1866.225777475001,2558.07625495,0.7295426685829888,0,4,355,False,True
gray_wolf,1054,1054,1,,linear_bucketed;geometric_naive;geometric_bucketed;linear_naive,2.0,3.3592875391421426,linear_naive,Original,linear,naive,485.5454160133377,292911,True,25,23,3;4;5;6;7;8;9;10;11;12;13;14;15;16;17;18;19;20;21;22;23;24;25,322,92,1350.6422625300006,2558.07625495,0.5279913997545785,0,22,1890,True,True
gray_wolf,1054,1054,1,,linear_bucketed;geometric_naive;geometric_bucketed;linear_naive,2.0,3.3592875391421426,linear_bucketed,Bucketing,linear,bucketed,222.10975002963096,42541,True,25,23,3;4;5;6;7;8;9;10;11;12;13;14;15;16;17;18;19;20;21;22;23;24;25,322,92,1350.6422625300006,2558.07625495,0.5279913997545785,0,22,1890,True,True
gray_wolf,1054,1054,1,,linear_bucketed;geometric_naive;geometric_bucketed;linear_naive,2.0,3.3592875391421426,geometric_naive,Geometric,geometric,naive,87.62579201720655,44005,True,48,5,3;6;12;24;48,93,63,1866.225777475001,2558.07625495,0.7295426685829888,0,4,355,False,True
gray_wolf,1054,1054,1,,linear_bucketed;geometric_naive;geometric_bucketed;linear_naive,2.0,3.3592875391421426,geometric_bucketed,Combined,geometric,bucketed,55.15312496572733,8281,True,48,5,3;6;12;24;48,93,63,1866.225777475001,2558.07625495,0.7295426685829888,0,4,355,False,True
gray_wolf,1054,1054,2,,geometric_naive;geometric_bucketed;linear_naive;linear_bucketed,2.0,3.3592875391421426,linear_naive,Original,linear,naive,489.96991699095815,292911,True,25,23,3;4;5;6;7;8;9;10;11;12;13;14;15;16;17;18;19;20;21;22;23;24;25,322,92,1350.6422625300006,2558.07625495,0.5279913997545785,0,22,1890,True,True
gray_wolf,1054,1054,2,,geometric_naive;geometric_bucketed;linear_naive;linear_bucketed,2.0,3.3592875391421426,linear_bucketed,Bucketing,linear,bucketed,220.97520797979087,42541,True,25,23,3;4;5;6;7;8;9;10;11;12;13;14;15;16;17;18;19;20;21;22;23;24;25,322,92,1350.6422625300006,2558.07625495,0.5279913997545785,0,22,1890,True,True
gray_wolf,1054,1054,2,,geometric_naive;geometric_bucketed;linear_naive;linear_bucketed,2.0,3.3592875391421426,geometric_naive,Geometric,geometric,naive,88.9194579795003,44005,True,48,5,3;6;12;24;48,93,63,1866.225777475001,2558.07625495,0.7295426685829888,0,4,355,False,True
gray_wolf,1054,1054,2,,geometric_naive;geometric_bucketed;linear_naive;linear_bucketed,2.0,3.3592875391421426,geometric_bucketed,Combined,geometric,bucketed,55.14729197602719,8281,True,48,5,3;6;12;24;48,93,63,1866.225777475001,2558.07625495,0.7295426685829888,0,4,355,False,True
gray_wolf,1054,1054,3,,geometric_bucketed;linear_naive;linear_bucketed;geometric_naive,2.0,3.3592875391421426,linear_naive,Original,linear,naive,482.9369579674676,292911,True,25,23,3;4;5;6;7;8;9;10;11;12;13;14;15;16;17;18;19;20;21;22;23;24;25,322,92,1350.6422625300006,2558.07625495,0.5279913997545785,0,22,1890,True,True
gray_wolf,1054,1054,3,,geometric_bucketed;linear_naive;linear_bucketed;geometric_naive,2.0,3.3592875391421426,linear_bucketed,Bucketing,linear,bucketed,222.21583407372236,42541,True,25,23,3;4;5;6;7;8;9;10;11;12;13;14;15;16;17;18;19;20;21;22;23;24;25,322,92,1350.6422625300006,2558.07625495,0.5279913997545785,0,22,1890,True,True
gray_wolf,1054,1054,3,,geometric_bucketed;linear_naive;linear_bucketed;geometric_naive,2.0,3.3592875391421426,geometric_naive,Geometric,geometric,naive,88.49220804404467,44005,True,48,5,3;6;12;24;48,93,63,1866.225777475001,2558.07625495,0.7295426685829888,0,4,355,False,True
gray_wolf,1054,1054,3,,geometric_bucketed;linear_naive;linear_bucketed;geometric_naive,2.0,3.3592875391421426,geometric_bucketed,Combined,geometric,bucketed,55.735375033691525,8281,True,48,5,3;6;12;24;48,93,63,1866.225777475001,2558.07625495,0.7295426685829888,0,4,355,False,True
gray_wolf,1054,1054,4,,geometric_bucketed;geometric_naive;linear_bucketed;linear_naive,2.0,3.3592875391421426,linear_naive,Original,linear,naive,485.66825001034886,292911,True,25,23,3;4;5;6;7;8;9;10;11;12;13;14;15;16;17;18;19;20;21;22;23;24;25,322,92,1350.6422625300006,2558.07625495,0.5279913997545785,0,22,1890,True,True
gray_wolf,1054,1054,4,,geometric_bucketed;geometric_naive;linear_bucketed;linear_naive,2.0,3.3592875391421426,linear_bucketed,Bucketing,linear,bucketed,222.74495800957084,42541,True,25,23,3;4;5;6;7;8;9;10;11;12;13;14;15;16;17;18;19;20;21;22;23;24;25,322,92,1350.6422625300006,2558.07625495,0.5279913997545785,0,22,1890,True,True
gray_wolf,1054,1054,4,,geometric_bucketed;geometric_naive;linear_bucketed;linear_naive,2.0,3.3592875391421426,geometric_naive,Geometric,geometric,naive,89.48724996298552,44005,True,48,5,3;6;12;24;48,93,63,1866.225777475001,2558.07625495,0.7295426685829888,0,4,355,False,True
gray_wolf,1054,1054,4,,geometric_bucketed;geometric_naive;linear_bucketed;linear_naive,2.0,3.3592875391421426,geometric_bucketed,Combined,geometric,bucketed,56.6870829788968,8281,True,48,5,3;6;12;24;48,93,63,1866.225777475001,2558.07625495,0.7295426685829888,0,4,355,False,True
gray_wolf,1054,1054,5,,geometric_naive;linear_bucketed;linear_naive;geometric_bucketed,2.0,3.3592875391421426,linear_naive,Original,linear,naive,490.4879170935601,292911,True,25,23,3;4;5;6;7;8;9;10;11;12;13;14;15;16;17;18;19;20;21;22;23;24;25,322,92,1350.6422625300006,2558.07625495,0.5279913997545785,0,22,1890,True,True
gray_wolf,1054,1054,5,,geometric_naive;linear_bucketed;linear_naive;geometric_bucketed,2.0,3.3592875391421426,linear_bucketed,Bucketing,linear,bucketed,223.71837496757507,42541,True,25,23,3;4;5;6;7;8;9;10;11;12;13;14;15;16;17;18;19;20;21;22;23;24;25,322,92,1350.6422625300006,2558.07625495,0.5279913997545785,0,22,1890,True,True
gray_wolf,1054,1054,5,,geometric_naive;linear_bucketed;linear_naive;geometric_bucketed,2.0,3.3592875391421426,geometric_naive,Geometric,geometric,naive,89.2765000462532,44005,True,48,5,3;6;12;24;48,93,63,1866.225777475001,2558.07625495,0.7295426685829888,0,4,355,False,True
gray_wolf,1054,1054,5,,geometric_naive;linear_bucketed;linear_naive;geometric_bucketed,2.0,3.3592875391421426,geometric_bucketed,Combined,geometric,bucketed,56.24529195483774,8281,True,48,5,3;6;12;24;48,93,63,1866.225777475001,2558.07625495,0.7295426685829888,0,4,355,False,True
gray_wolf,1054,1054,6,,linear_bucketed;linear_naive;geometric_bucketed;geometric_naive,2.0,3.3592875391421426,linear_naive,Original,linear,naive,480.62199994456023,292911,True,25,23,3;4;5;6;7;8;9;10;11;12;13;14;15;16;17;18;19;20;21;22;23;24;25,322,92,1350.6422625300006,2558.07625495,0.5279913997545785,0,22,1890,True,True
gray_wolf,1054,1054,6,,linear_bucketed;linear_naive;geometric_bucketed;geometric_naive,2.0,3.3592875391421426,linear_bucketed,Bucketing,linear,bucketed,221.1481670383364,42541,True,25,23,3;4;5;6;7;8;9;10;11;12;13;14;15;16;17;18;19;20;21;22;23;24;25,322,92,1350.6422625300006,2558.07625495,0.5279913997545785,0,22,1890,True,True
gray_wolf,1054,1054,6,,linear_bucketed;linear_naive;geometric_bucketed;geometric_naive,2.0,3.3592875391421426,geometric_naive,Geometric,geometric,naive,87.6825840678066,44005,True,48,5,3;6;12;24;48,93,63,1866.225777475001,2558.07625495,0.7295426685829888,0,4,355,False,True
gray_wolf,1054,1054,6,,linear_bucketed;linear_naive;geometric_bucketed;geometric_naive,2.0,3.3592875391421426,geometric_bucketed,Combined,geometric,bucketed,54.733167053200305,8281,True,48,5,3;6;12;24;48,93,63,1866.225777475001,2558.07625495,0.7295426685829888,0,4,355,False,True
gray_wolf,1054,1054,7,,linear_naive;geometric_bucketed;geometric_naive;linear_bucketed,2.0,3.3592875391421426,linear_naive,Original,linear,naive,482.77279105968773,292911,True,25,23,3;4;5;6;7;8;9;10;11;12;13;14;15;16;17;18;19;20;21;22;23;24;25,322,92,1350.6422625300006,2558.07625495,0.5279913997545785,0,22,1890,True,True
gray_wolf,1054,1054,7,,linear_naive;geometric_bucketed;geometric_naive;linear_bucketed,2.0,3.3592875391421426,linear_bucketed,Bucketing,linear,bucketed,220.51704197656363,42541,True,25,23,3;4;5;6;7;8;9;10;11;12;13;14;15;16;17;18;19;20;21;22;23;24;25,322,92,1350.6422625300006,2558.07625495,0.5279913997545785,0,22,1890,True,True
gray_wolf,1054,1054,7,,linear_naive;geometric_bucketed;geometric_naive;linear_bucketed,2.0,3.3592875391421426,geometric_naive,Geometric,geometric,naive,89.30083294399083,44005,True,48,5,3;6;12;24;48,93,63,1866.225777475001,2558.07625495,0.7295426685829888,0,4,355,False,True
gray_wolf,1054,1054,7,,linear_naive;geometric_bucketed;geometric_naive;linear_bucketed,2.0,3.3592875391421426,geometric_bucketed,Combined,geometric,bucketed,54.95520797558129,8281,True,48,5,3;6;12;24;48,93,63,1866.225777475001,2558.07625495,0.7295426685829888,0,4,355,False,True
gray_wolf,1054,1054,8,,linear_naive;linear_bucketed;geometric_naive;geometric_bucketed,2.0,3.3592875391421426,linear_naive,Original,linear,naive,475.23612494114786,292911,True,25,23,3;4;5;6;7;8;9;10;11;12;13;14;15;16;17;18;19;20;21;22;23;24;25,322,92,1350.6422625300006,2558.07625495,0.5279913997545785,0,22,1890,True,True
gray_wolf,1054,1054,8,,linear_naive;linear_bucketed;geometric_naive;geometric_bucketed,2.0,3.3592875391421426,linear_bucketed,Bucketing,linear,bucketed,217.98387507442385,42541,True,25,23,3;4;5;6;7;8;9;10;11;12;13;14;15;16;17;18;19;20;21;22;23;24;25,322,92,1350.6422625300006,2558.07625495,0.5279913997545785,0,22,1890,True,True
gray_wolf,1054,1054,8,,linear_naive;linear_bucketed;geometric_naive;geometric_bucketed,2.0,3.3592875391421426,geometric_naive,Geometric,geometric,naive,88.13412499148399,44005,True,48,5,3;6;12;24;48,93,63,1866.225777475001,2558.07625495,0.7295426685829888,0,4,355,False,True
gray_wolf,1054,1054,8,,linear_naive;linear_bucketed;geometric_naive;geometric_bucketed,2.0,3.3592875391421426,geometric_bucketed,Combined,geometric,bucketed,55.08429207839072,8281,True,48,5,3;6;12;24;48,93,63,1866.225777475001,2558.07625495,0.7295426685829888,0,4,355,False,True
gray_wolf,1054,1054,9,,linear_bucketed;geometric_naive;geometric_bucketed;linear_naive,2.0,3.3592875391421426,linear_naive,Original,linear,naive,495.9338749758899,292911,True,25,23,3;4;5;6;7;8;9;10;11;12;13;14;15;16;17;18;19;20;21;22;23;24;25,322,92,1350.6422625300006,2558.07625495,0.5279913997545785,0,22,1890,True,True
gray_wolf,1054,1054,9,,linear_bucketed;geometric_naive;geometric_bucketed;linear_naive,2.0,3.3592875391421426,linear_bucketed,Bucketing,linear,bucketed,223.06320897769183,42541,True,25,23,3;4;5;6;7;8;9;10;11;12;13;14;15;16;17;18;19;20;21;22;23;24;25,322,92,1350.6422625300006,2558.07625495,0.5279913997545785,0,22,1890,True,True
gray_wolf,1054,1054,9,,linear_bucketed;geometric_naive;geometric_bucketed;linear_naive,2.0,3.3592875391421426,geometric_naive,Geometric,geometric,naive,87.4847499653697,44005,True,48,5,3;6;12;24;48,93,63,1866.225777475001,2558.07625495,0.7295426685829888,0,4,355,False,True
gray_wolf,1054,1054,9,,linear_bucketed;geometric_naive;geometric_bucketed;linear_naive,2.0,3.3592875391421426,geometric_bucketed,Combined,geometric,bucketed,55.75812503229827,8281,True,48,5,3;6;12;24;48,93,63,1866.225777475001,2558.07625495,0.7295426685829888,0,4,355,False,True
coast_redwood,1190,1157,0,,linear_naive;linear_bucketed;geometric_naive;geometric_bucketed,2.0,0.17868438960022043,linear_naive,Original,linear,naive,17935.3410420008,13627188,True,116,114,3;4;5;6;7;8;9;10;11;12;13;14;15;16;17;18;19;20;21;22;23;24;25;26;27;28;29;30;31;32;33;34;35;36;37;38;39;40;41;42;43;44;45;46;47;48;49;50;51;52;53;54;55;56;57;58;59;60;61;62;63;64;65;66;67;68;69;70;71;72;73;74;75;76;77;78;79;80;81;82;83;84;85;86;87;88;89;90;91;92;93;94;95;96;97;98;99;100;101;102;103;104;105;106;107;108;109;110;111;112;113;114;115;116,6783,60,2.732098661969303,7.617186864723508,0.35867554656196216,0,113,15007,True,True
coast_redwood,1190,1157,0,,linear_naive;linear_bucketed;geometric_naive;geometric_bucketed,2.0,0.17868438960022043,linear_bucketed,Bucketing,linear,bucketed,5266.455583041534,1403250,True,116,114,3;4;5;6;7;8;9;10;11;12;13;14;15;16;17;18;19;20;21;22;23;24;25;26;27;28;29;30;31;32;33;34;35;36;37;38;39;40;41;42;43;44;45;46;47;48;49;50;51;52;53;54;55;56;57;58;59;60;61;62;63;64;65;66;67;68;69;70;71;72;73;74;75;76;77;78;79;80;81;82;83;84;85;86;87;88;89;90;91;92;93;94;95;96;97;98;99;100;101;102;103;104;105;106;107;108;109;110;111;112;113;114;115;116,6783,60,2.732098661969303,7.617186864723508,0.35867554656196216,0,113,15007,True,True
coast_redwood,1190,1157,0,,linear_naive;linear_bucketed;geometric_naive;geometric_bucketed,2.0,0.17868438960022043,geometric_naive,Geometric,geometric,naive,401.2840000214055,293715,True,192,7,3;6;12;24;48;96;192,381,39,3.213651450870657,7.617186864723508,0.4218947897620347,0,6,408,False,True
coast_redwood,1190,1157,0,,linear_naive;linear_bucketed;geometric_naive;geometric_bucketed,2.0,0.17868438960022043,geometric_bucketed,Combined,geometric,bucketed,121.13162502646446,21832,True,192,7,3;6;12;24;48;96;192,381,39,3.213651450870657,7.617186864723508,0.4218947897620347,0,6,408,False,True
coast_redwood,1190,1157,1,,linear_bucketed;geometric_naive;geometric_bucketed;linear_naive,2.0,0.17868438960022043,linear_naive,Original,linear,naive,17946.884666918777,13627188,True,116,114,3;4;5;6;7;8;9;10;11;12;13;14;15;16;17;18;19;20;21;22;23;24;25;26;27;28;29;30;31;32;33;34;35;36;37;38;39;40;41;42;43;44;45;46;47;48;49;50;51;52;53;54;55;56;57;58;59;60;61;62;63;64;65;66;67;68;69;70;71;72;73;74;75;76;77;78;79;80;81;82;83;84;85;86;87;88;89;90;91;92;93;94;95;96;97;98;99;100;101;102;103;104;105;106;107;108;109;110;111;112;113;114;115;116,6783,60,2.732098661969303,7.617186864723508,0.35867554656196216,0,113,15007,True,True
coast_redwood,1190,1157,1,,linear_bucketed;geometric_naive;geometric_bucketed;linear_naive,2.0,0.17868438960022043,linear_bucketed,Bucketing,linear,bucketed,5245.503167039715,1403250,True,116,114,3;4;5;6;7;8;9;10;11;12;13;14;15;16;17;18;19;20;21;22;23;24;25;26;27;28;29;30;31;32;33;34;35;36;37;38;39;40;41;42;43;44;45;46;47;48;49;50;51;52;53;54;55;56;57;58;59;60;61;62;63;64;65;66;67;68;69;70;71;72;73;74;75;76;77;78;79;80;81;82;83;84;85;86;87;88;89;90;91;92;93;94;95;96;97;98;99;100;101;102;103;104;105;106;107;108;109;110;111;112;113;114;115;116,6783,60,2.732098661969303,7.617186864723508,0.35867554656196216,0,113,15007,True,True
coast_redwood,1190,1157,1,,linear_bucketed;geometric_naive;geometric_bucketed;linear_naive,2.0,0.17868438960022043,geometric_naive,Geometric,geometric,naive,399.303917074576,293715,True,192,7,3;6;12;24;48;96;192,381,39,3.213651450870657,7.617186864723508,0.4218947897620347,0,6,408,False,True
coast_redwood,1190,1157,1,,linear_bucketed;geometric_naive;geometric_bucketed;linear_naive,2.0,0.17868438960022043,geometric_bucketed,Combined,geometric,bucketed,121.44783302210271,21832,True,192,7,3;6;12;24;48;96;192,381,39,3.213651450870657,7.617186864723508,0.4218947897620347,0,6,408,False,True
coast_redwood,1190,1157,2,,geometric_naive;geometric_bucketed;linear_naive;linear_bucketed,2.0,0.17868438960022043,linear_naive,Original,linear,naive,17896.889750030823,13627188,True,116,114,3;4;5;6;7;8;9;10;11;12;13;14;15;16;17;18;19;20;21;22;23;24;25;26;27;28;29;30;31;32;33;34;35;36;37;38;39;40;41;42;43;44;45;46;47;48;49;50;51;52;53;54;55;56;57;58;59;60;61;62;63;64;65;66;67;68;69;70;71;72;73;74;75;76;77;78;79;80;81;82;83;84;85;86;87;88;89;90;91;92;93;94;95;96;97;98;99;100;101;102;103;104;105;106;107;108;109;110;111;112;113;114;115;116,6783,60,2.732098661969303,7.617186864723508,0.35867554656196216,0,113,15007,True,True
coast_redwood,1190,1157,2,,geometric_naive;geometric_bucketed;linear_naive;linear_bucketed,2.0,0.17868438960022043,linear_bucketed,Bucketing,linear,bucketed,5239.1830830601975,1403250,True,116,114,3;4;5;6;7;8;9;10;11;12;13;14;15;16;17;18;19;20;21;22;23;24;25;26;27;28;29;30;31;32;33;34;35;36;37;38;39;40;41;42;43;44;45;46;47;48;49;50;51;52;53;54;55;56;57;58;59;60;61;62;63;64;65;66;67;68;69;70;71;72;73;74;75;76;77;78;79;80;81;82;83;84;85;86;87;88;89;90;91;92;93;94;95;96;97;98;99;100;101;102;103;104;105;106;107;108;109;110;111;112;113;114;115;116,6783,60,2.732098661969303,7.617186864723508,0.35867554656196216,0,113,15007,True,True
coast_redwood,1190,1157,2,,geometric_naive;geometric_bucketed;linear_naive;linear_bucketed,2.0,0.17868438960022043,geometric_naive,Geometric,geometric,naive,401.14854101557285,293715,True,192,7,3;6;12;24;48;96;192,381,39,3.213651450870657,7.617186864723508,0.4218947897620347,0,6,408,False,True
coast_redwood,1190,1157,2,,geometric_naive;geometric_bucketed;linear_naive;linear_bucketed,2.0,0.17868438960022043,geometric_bucketed,Combined,geometric,bucketed,121.8546669697389,21832,True,192,7,3;6;12;24;48;96;192,381,39,3.213651450870657,7.617186864723508,0.4218947897620347,0,6,408,False,True
coast_redwood,1190,1157,3,,geometric_bucketed;linear_naive;linear_bucketed;geometric_naive,2.0,0.17868438960022043,linear_naive,Original,linear,naive,17810.910542029887,13627188,True,116,114,3;4;5;6;7;8;9;10;11;12;13;14;15;16;17;18;19;20;21;22;23;24;25;26;27;28;29;30;31;32;33;34;35;36;37;38;39;40;41;42;43;44;45;46;47;48;49;50;51;52;53;54;55;56;57;58;59;60;61;62;63;64;65;66;67;68;69;70;71;72;73;74;75;76;77;78;79;80;81;82;83;84;85;86;87;88;89;90;91;92;93;94;95;96;97;98;99;100;101;102;103;104;105;106;107;108;109;110;111;112;113;114;115;116,6783,60,2.732098661969303,7.617186864723508,0.35867554656196216,0,113,15007,True,True
coast_redwood,1190,1157,3,,geometric_bucketed;linear_naive;linear_bucketed;geometric_naive,2.0,0.17868438960022043,linear_bucketed,Bucketing,linear,bucketed,5225.982375093736,1403250,True,116,114,3;4;5;6;7;8;9;10;11;12;13;14;15;16;17;18;19;20;21;22;23;24;25;26;27;28;29;30;31;32;33;34;35;36;37;38;39;40;41;42;43;44;45;46;47;48;49;50;51;52;53;54;55;56;57;58;59;60;61;62;63;64;65;66;67;68;69;70;71;72;73;74;75;76;77;78;79;80;81;82;83;84;85;86;87;88;89;90;91;92;93;94;95;96;97;98;99;100;101;102;103;104;105;106;107;108;109;110;111;112;113;114;115;116,6783,60,2.732098661969303,7.617186864723508,0.35867554656196216,0,113,15007,True,True
coast_redwood,1190,1157,3,,geometric_bucketed;linear_naive;linear_bucketed;geometric_naive,2.0,0.17868438960022043,geometric_naive,Geometric,geometric,naive,404.67137505766004,293715,True,192,7,3;6;12;24;48;96;192,381,39,3.213651450870657,7.617186864723508,0.4218947897620347,0,6,408,False,True
coast_redwood,1190,1157,3,,geometric_bucketed;linear_naive;linear_bucketed;geometric_naive,2.0,0.17868438960022043,geometric_bucketed,Combined,geometric,bucketed,117.49233305454254,21832,True,192,7,3;6;12;24;48;96;192,381,39,3.213651450870657,7.617186864723508,0.4218947897620347,0,6,408,False,True
coast_redwood,1190,1157,4,,geometric_bucketed;geometric_naive;linear_bucketed;linear_naive,2.0,0.17868438960022043,linear_naive,Original,linear,naive,18083.956749993376,13627188,True,116,114,3;4;5;6;7;8;9;10;11;12;13;14;15;16;17;18;19;20;21;22;23;24;25;26;27;28;29;30;31;32;33;34;35;36;37;38;39;40;41;42;43;44;45;46;47;48;49;50;51;52;53;54;55;56;57;58;59;60;61;62;63;64;65;66;67;68;69;70;71;72;73;74;75;76;77;78;79;80;81;82;83;84;85;86;87;88;89;90;91;92;93;94;95;96;97;98;99;100;101;102;103;104;105;106;107;108;109;110;111;112;113;114;115;116,6783,60,2.732098661969303,7.617186864723508,0.35867554656196216,0,113,15007,True,True
coast_redwood,1190,1157,4,,geometric_bucketed;geometric_naive;linear_bucketed;linear_naive,2.0,0.17868438960022043,linear_bucketed,Bucketing,linear,bucketed,5372.966832946986,1403250,True,116,114,3;4;5;6;7;8;9;10;11;12;13;14;15;16;17;18;19;20;21;22;23;24;25;26;27;28;29;30;31;32;33;34;35;36;37;38;39;40;41;42;43;44;45;46;47;48;49;50;51;52;53;54;55;56;57;58;59;60;61;62;63;64;65;66;67;68;69;70;71;72;73;74;75;76;77;78;79;80;81;82;83;84;85;86;87;88;89;90;91;92;93;94;95;96;97;98;99;100;101;102;103;104;105;106;107;108;109;110;111;112;113;114;115;116,6783,60,2.732098661969303,7.617186864723508,0.35867554656196216,0,113,15007,True,True
coast_redwood,1190,1157,4,,geometric_bucketed;geometric_naive;linear_bucketed;linear_naive,2.0,0.17868438960022043,geometric_naive,Geometric,geometric,naive,407.8604589449242,293715,True,192,7,3;6;12;24;48;96;192,381,39,3.213651450870657,7.617186864723508,0.4218947897620347,0,6,408,False,True
coast_redwood,1190,1157,4,,geometric_bucketed;geometric_naive;linear_bucketed;linear_naive,2.0,0.17868438960022043,geometric_bucketed,Combined,geometric,bucketed,122.33366700820625,21832,True,192,7,3;6;12;24;48;96;192,381,39,3.213651450870657,7.617186864723508,0.4218947897620347,0,6,408,False,True
coast_redwood,1190,1157,5,,geometric_naive;linear_bucketed;linear_naive;geometric_bucketed,2.0,0.17868438960022043,linear_naive,Original,linear,naive,17987.80474998057,13627188,True,116,114,3;4;5;6;7;8;9;10;11;12;13;14;15;16;17;18;19;20;21;22;23;24;25;26;27;28;29;30;31;32;33;34;35;36;37;38;39;40;41;42;43;44;45;46;47;48;49;50;51;52;53;54;55;56;57;58;59;60;61;62;63;64;65;66;67;68;69;70;71;72;73;74;75;76;77;78;79;80;81;82;83;84;85;86;87;88;89;90;91;92;93;94;95;96;97;98;99;100;101;102;103;104;105;106;107;108;109;110;111;112;113;114;115;116,6783,60,2.732098661969303,7.617186864723508,0.35867554656196216,0,113,15007,True,True
coast_redwood,1190,1157,5,,geometric_naive;linear_bucketed;linear_naive;geometric_bucketed,2.0,0.17868438960022043,linear_bucketed,Bucketing,linear,bucketed,5188.255792018026,1403250,True,116,114,3;4;5;6;7;8;9;10;11;12;13;14;15;16;17;18;19;20;21;22;23;24;25;26;27;28;29;30;31;32;33;34;35;36;37;38;39;40;41;42;43;44;45;46;47;48;49;50;51;52;53;54;55;56;57;58;59;60;61;62;63;64;65;66;67;68;69;70;71;72;73;74;75;76;77;78;79;80;81;82;83;84;85;86;87;88;89;90;91;92;93;94;95;96;97;98;99;100;101;102;103;104;105;106;107;108;109;110;111;112;113;114;115;116,6783,60,2.732098661969303,7.617186864723508,0.35867554656196216,0,113,15007,True,True
coast_redwood,1190,1157,5,,geometric_naive;linear_bucketed;linear_naive;geometric_bucketed,2.0,0.17868438960022043,geometric_naive,Geometric,geometric,naive,399.19929194729775,293715,True,192,7,3;6;12;24;48;96;192,381,39,3.213651450870657,7.617186864723508,0.4218947897620347,0,6,408,False,True
coast_redwood,1190,1157,5,,geometric_naive;linear_bucketed;linear_naive;geometric_bucketed,2.0,0.17868438960022043,geometric_bucketed,Combined,geometric,bucketed,120.31270901206881,21832,True,192,7,3;6;12;24;48;96;192,381,39,3.213651450870657,7.617186864723508,0.4218947897620347,0,6,408,False,True
coast_redwood,1190,1157,6,,linear_bucketed;linear_naive;geometric_bucketed;geometric_naive,2.0,0.17868438960022043,linear_naive,Original,linear,naive,17995.829791063443,13627188,True,116,114,3;4;5;6;7;8;9;10;11;12;13;14;15;16;17;18;19;20;21;22;23;24;25;26;27;28;29;30;31;32;33;34;35;36;37;38;39;40;41;42;43;44;45;46;47;48;49;50;51;52;53;54;55;56;57;58;59;60;61;62;63;64;65;66;67;68;69;70;71;72;73;74;75;76;77;78;79;80;81;82;83;84;85;86;87;88;89;90;91;92;93;94;95;96;97;98;99;100;101;102;103;104;105;106;107;108;109;110;111;112;113;114;115;116,6783,60,2.732098661969303,7.617186864723508,0.35867554656196216,0,113,15007,True,True
coast_redwood,1190,1157,6,,linear_bucketed;linear_naive;geometric_bucketed;geometric_naive,2.0,0.17868438960022043,linear_bucketed,Bucketing,linear,bucketed,5445.190125028603,1403250,True,116,114,3;4;5;6;7;8;9;10;11;12;13;14;15;16;17;18;19;20;21;22;23;24;25;26;27;28;29;30;31;32;33;34;35;36;37;38;39;40;41;42;43;44;45;46;47;48;49;50;51;52;53;54;55;56;57;58;59;60;61;62;63;64;65;66;67;68;69;70;71;72;73;74;75;76;77;78;79;80;81;82;83;84;85;86;87;88;89;90;91;92;93;94;95;96;97;98;99;100;101;102;103;104;105;106;107;108;109;110;111;112;113;114;115;116,6783,60,2.732098661969303,7.617186864723508,0.35867554656196216,0,113,15007,True,True
coast_redwood,1190,1157,6,,linear_bucketed;linear_naive;geometric_bucketed;geometric_naive,2.0,0.17868438960022043,geometric_naive,Geometric,geometric,naive,394.52450000680983,293715,True,192,7,3;6;12;24;48;96;192,381,39,3.213651450870657,7.617186864723508,0.4218947897620347,0,6,408,False,True
coast_redwood,1190,1157,6,,linear_bucketed;linear_naive;geometric_bucketed;geometric_naive,2.0,0.17868438960022043,geometric_bucketed,Combined,geometric,bucketed,122.64687498100102,21832,True,192,7,3;6;12;24;48;96;192,381,39,3.213651450870657,7.617186864723508,0.4218947897620347,0,6,408,False,True
coast_redwood,1190,1157,7,,linear_naive;geometric_bucketed;geometric_naive;linear_bucketed,2.0,0.17868438960022043,linear_naive,Original,linear,naive,17936.90416601021,13627188,True,116,114,3;4;5;6;7;8;9;10;11;12;13;14;15;16;17;18;19;20;21;22;23;24;25;26;27;28;29;30;31;32;33;34;35;36;37;38;39;40;41;42;43;44;45;46;47;48;49;50;51;52;53;54;55;56;57;58;59;60;61;62;63;64;65;66;67;68;69;70;71;72;73;74;75;76;77;78;79;80;81;82;83;84;85;86;87;88;89;90;91;92;93;94;95;96;97;98;99;100;101;102;103;104;105;106;107;108;109;110;111;112;113;114;115;116,6783,60,2.732098661969303,7.617186864723508,0.35867554656196216,0,113,15007,True,True
coast_redwood,1190,1157,7,,linear_naive;geometric_bucketed;geometric_naive;linear_bucketed,2.0,0.17868438960022043,linear_bucketed,Bucketing,linear,bucketed,5234.168417053297,1403250,True,116,114,3;4;5;6;7;8;9;10;11;12;13;14;15;16;17;18;19;20;21;22;23;24;25;26;27;28;29;30;31;32;33;34;35;36;37;38;39;40;41;42;43;44;45;46;47;48;49;50;51;52;53;54;55;56;57;58;59;60;61;62;63;64;65;66;67;68;69;70;71;72;73;74;75;76;77;78;79;80;81;82;83;84;85;86;87;88;89;90;91;92;93;94;95;96;97;98;99;100;101;102;103;104;105;106;107;108;109;110;111;112;113;114;115;116,6783,60,2.732098661969303,7.617186864723508,0.35867554656196216,0,113,15007,True,True
coast_redwood,1190,1157,7,,linear_naive;geometric_bucketed;geometric_naive;linear_bucketed,2.0,0.17868438960022043,geometric_naive,Geometric,geometric,naive,402.8314999304712,293715,True,192,7,3;6;12;24;48;96;192,381,39,3.213651450870657,7.617186864723508,0.4218947897620347,0,6,408,False,True
coast_redwood,1190,1157,7,,linear_naive;geometric_bucketed;geometric_naive;linear_bucketed,2.0,0.17868438960022043,geometric_bucketed,Combined,geometric,bucketed,121.61054101306945,21832,True,192,7,3;6;12;24;48;96;192,381,39,3.213651450870657,7.617186864723508,0.4218947897620347,0,6,408,False,True
coast_redwood,1190,1157,8,,linear_naive;linear_bucketed;geometric_naive;geometric_bucketed,2.0,0.17868438960022043,linear_naive,Original,linear,naive,18046.332583995536,13627188,True,116,114,3;4;5;6;7;8;9;10;11;12;13;14;15;16;17;18;19;20;21;22;23;24;25;26;27;28;29;30;31;32;33;34;35;36;37;38;39;40;41;42;43;44;45;46;47;48;49;50;51;52;53;54;55;56;57;58;59;60;61;62;63;64;65;66;67;68;69;70;71;72;73;74;75;76;77;78;79;80;81;82;83;84;85;86;87;88;89;90;91;92;93;94;95;96;97;98;99;100;101;102;103;104;105;106;107;108;109;110;111;112;113;114;115;116,6783,60,2.732098661969303,7.617186864723508,0.35867554656196216,0,113,15007,True,True
coast_redwood,1190,1157,8,,linear_naive;linear_bucketed;geometric_naive;geometric_bucketed,2.0,0.17868438960022043,linear_bucketed,Bucketing,linear,bucketed,5246.503084083088,1403250,True,116,114,3;4;5;6;7;8;9;10;11;12;13;14;15;16;17;18;19;20;21;22;23;24;25;26;27;28;29;30;31;32;33;34;35;36;37;38;39;40;41;42;43;44;45;46;47;48;49;50;51;52;53;54;55;56;57;58;59;60;61;62;63;64;65;66;67;68;69;70;71;72;73;74;75;76;77;78;79;80;81;82;83;84;85;86;87;88;89;90;91;92;93;94;95;96;97;98;99;100;101;102;103;104;105;106;107;108;109;110;111;112;113;114;115;116,6783,60,2.732098661969303,7.617186864723508,0.35867554656196216,0,113,15007,True,True
coast_redwood,1190,1157,8,,linear_naive;linear_bucketed;geometric_naive;geometric_bucketed,2.0,0.17868438960022043,geometric_naive,Geometric,geometric,naive,547.5451670354232,293715,True,192,7,3;6;12;24;48;96;192,381,39,3.213651450870657,7.617186864723508,0.4218947897620347,0,6,408,False,True
coast_redwood,1190,1157,8,,linear_naive;linear_bucketed;geometric_naive;geometric_bucketed,2.0,0.17868438960022043,geometric_bucketed,Combined,geometric,bucketed,119.57199999596924,21832,True,192,7,3;6;12;24;48;96;192,381,39,3.213651450870657,7.617186864723508,0.4218947897620347,0,6,408,False,True
coast_redwood,1190,1157,9,,linear_bucketed;geometric_naive;geometric_bucketed;linear_naive,2.0,0.17868438960022043,linear_naive,Original,linear,naive,17962.167999939993,13627188,True,116,114,3;4;5;6;7;8;9;10;11;12;13;14;15;16;17;18;19;20;21;22;23;24;25;26;27;28;29;30;31;32;33;34;35;36;37;38;39;40;41;42;43;44;45;46;47;48;49;50;51;52;53;54;55;56;57;58;59;60;61;62;63;64;65;66;67;68;69;70;71;72;73;74;75;76;77;78;79;80;81;82;83;84;85;86;87;88;89;90;91;92;93;94;95;96;97;98;99;100;101;102;103;104;105;106;107;108;109;110;111;112;113;114;115;116,6783,60,2.732098661969303,7.617186864723508,0.35867554656196216,0,113,15007,True,True
coast_redwood,1190,1157,9,,linear_bucketed;geometric_naive;geometric_bucketed;linear_naive,2.0,0.17868438960022043,linear_bucketed,Bucketing,linear,bucketed,5269.150624983013,1403250,True,116,114,3;4;5;6;7;8;9;10;11;12;13;14;15;16;17;18;19;20;21;22;23;24;25;26;27;28;29;30;31;32;33;34;35;36;37;38;39;40;41;42;43;44;45;46;47;48;49;50;51;52;53;54;55;56;57;58;59;60;61;62;63;64;65;66;67;68;69;70;71;72;73;74;75;76;77;78;79;80;81;82;83;84;85;86;87;88;89;90;91;92;93;94;95;96;97;98;99;100;101;102;103;104;105;106;107;108;109;110;111;112;113;114;115;116,6783,60,2.732098661969303,7.617186864723508,0.35867554656196216,0,113,15007,True,True
coast_redwood,1190,1157,9,,linear_bucketed;geometric_naive;geometric_bucketed;linear_naive,2.0,0.17868438960022043,geometric_naive,Geometric,geometric,naive,406.47587494459003,293715,True,192,7,3;6;12;24;48;96;192,381,39,3.213651450870657,7.617186864723508,0.4218947897620347,0,6,408,False,True
coast_redwood,1190,1157,9,,linear_bucketed;geometric_naive;geometric_bucketed;linear_naive,2.0,0.17868438960022043,geometric_bucketed,Combined,geometric,bucketed,120.96770806238055,21832,True,192,7,3;6;12;24;48;96;192,381,39,3.213651450870657,7.617186864723508,0.4218947897620347,0,6,408,False,True
